Country Name,Country Code,Indicator Name,Indicator Code,1960,1961,1962,1963,1964,1965,1966,1967,1968,1969,1970,1971,1972,1973,1974,1975,1976,1977,1978,1979,1980,1981,1982,1983,1984,1985,1986,1987,1988,1989,1990,1991,1992,1993,1994,1995,1996,1997,1998,1999,2000,2001,2002,2003,2004,2005,2006,2007,2008,2009,2010,2011,2012,2013,2014,2015,2016,2017
Aruba,ABW,Current health expenditure per capita (current US$),SH.XPD.CHEX.PC.CD,,,,,,,,,,,,,,,,,,,,,,,,,,,,,,,,,,,,,,,,,,,,,,,,,,,,,,,,,,
Afghanistan,AFG,Current health expenditure per capita (current US$),SH.XPD.CHEX.PC.CD,,,,,,,,,,,,,,,,,,,,,,,,,,,,,,,,,,,,,,,,,,,16.24954214,17.49073742,20.92708722,24.44651183,28.41666243,31.84018306,38.70049248,42.30451021,45.5877498,51.5532587,52.21850635,55.96754976,60.11276091,60.0888133,,
Angola,AGO,Current health expenditure per capita (current US$),SH.XPD.CHEX.PC.CD,,,,,,,,,,,,,,,,,,,,,,,,,,,,,,,,,,,,,,,,,13.90328266,27.31459434,30.16549994,36.66608237,52.13793881,57.42752626,74.26698242,92.59170959,135.3760686,120.0043941,96.7489729,122.2268767,122.4809396,143.78773,131.8420075,108.5595355,,
Albania,ALB,Current health expenditure per capita (current US$),SH.XPD.CHEX.PC.CD,,,,,,,,,,,,,,,,,,,,,,,,,,,,,,,,,,,,,,,,,75.53148121,81.9464362,89.85833929,113.5839377,151.9804471,165.8654387,172.7955574,216.4131204,240.3826174,207.4278117,204.2131372,248.1725872,247.2666907,277.668927,314.8626291,265.9032358,,
Andorra,AND,Current health expenditure per capita (current US$),SH.XPD.CHEX.PC.CD,,,,,,,,,,,,,,,,,,,,,,,,,,,,,,,,,,,,,,,,,2050.647532,2081.275405,2332.15183,3008.326088,3539.696703,4036.767103,4249.240315,4764.921613,4985.571324,4721.917605,4595.714195,4860.494964,4641.601703,5751.403028,5088.212878,4315.698309,,
Arab World,ARB,Current health expenditure per capita (current US$),SH.XPD.CHEX.PC.CD,,,,,,,,,,,,,,,,,,,,,,,,,,,,,,,,,,,,,,,,,113.3346458,116.635599,115.9820622,113.3112157,123.9595734,137.6478578,157.9599563,185.028128,215.2958165,237.6686109,242.4774811,277.6565877,300.4101559,333.0129024,359.7238971,335.5118404,,
United Arab Emirates,ARE,Current health expenditure per capita (current US$),SH.XPD.CHEX.PC.CD,,,,,,,,,,,,,,,,,,,,,,,,,,,,,,,,,,,,,,,,,781.8166914,771.6834882,850.9515259,879.3939344,890.3036995,915.0837678,985.3294997,1094.849669,1340.038707,1339.437497,1359.02545,1483.969557,1441.551031,1556.310909,1613.37514,1401.974477,,
Argentina,ARG,Current health expenditure per capita (current US$),SH.XPD.CHEX.PC.CD,,,,,,,,,,,,,,,,,,,,,,,,,,,,,,,,,,,,,,,,,418.3976917,403.0142148,137.9142598,217.9780071,250.7251014,326.5822431,380.1026845,465.1518846,567.3280104,576.8111814,698.6034956,806.8599495,864.5053541,920.8128795,845.0546874,997.9313753,,
Armenia,ARM,Current health expenditure per capita (current US$),SH.XPD.CHEX.PC.CD,,,,,,,,,,,,,,,,,,,,,,,,,,,,,,,,,,,,,,,,,40.51081708,45.38831225,44.57370229,52.18970268,98.0726002,115.6364484,120.5991525,170.9126377,174.305846,140.3821745,169.421455,133.2231376,247.3189262,317.8587381,281.2887287,366.0492478,,
American Samoa,ASM,Current health expenditure per capita (current US$),SH.XPD.CHEX.PC.CD,,,,,,,,,,,,,,,,,,,,,,,,,,,,,,,,,,,,,,,,,,,,,,,,,,,,,,,,,,
Antigua and Barbuda,ATG,Current health expenditure per capita (current US$),SH.XPD.CHEX.PC.CD,,,,,,,,,,,,,,,,,,,,,,,,,,,,,,,,,,,,,,,,,381.0759458,409.3115771,406.6559099,433.3616777,424.4342816,489.8871327,544.8855442,597.0908828,676.5716605,617.8466252,672.8001332,683.5599991,640.2096236,655.5258041,731.5028173,657.1726896,,
Australia,AUS,Current health expenditure per capita (current US$),SH.XPD.CHEX.PC.CD,,,,,,,,,,,,,,,,,,,,,,,,,,,,,,,,,,,,,,,,,1632.420025,1558.16965,1763.753179,2240.97772,2757.597161,3004.103,3177.485519,3794.238045,4088.804277,3997.509689,4952.776147,5876.878483,6047.020069,5838.389894,5637.559721,4934.047418,,
Austria,AUT,Current health expenditure per capita (current US$),SH.XPD.CHEX.PC.CD,,,,,,,,,,,,,,,,,,,,,,,,,,,,,,,,,,,,,,,,,2263.490457,2280.520423,2486.128558,3084.311307,3552.852242,3676.052296,3840.064568,4422.048318,4959.176132,4837.652483,4724.738463,5076.308908,4909.029565,5161.215403,5300.55248,4536.077437,,
Azerbaijan,AZE,Current health expenditure per capita (current US$),SH.XPD.CHEX.PC.CD,,,,,,,,,,,,,,,,,,,,,,,,,,,,,,,,,,,,,,,,,24.90492372,25.71266989,28.02349677,52.14307474,75.45247568,114.7643688,139.817506,178.683652,221.5992394,267.5966005,287.408308,345.4428737,383.7740866,423.4278918,447.3372334,368.3393527,,
Burundi,BDI,Current health expenditure per capita (current US$),SH.XPD.CHEX.PC.CD,,,,,,,,,,,,,,,,,,,,,,,,,,,,,,,,,,,,,,,,,9.19021575,8.64978342,7.86931591,6.99647097,9.21569428,14.21934992,17.13622304,17.38334491,18.4239192,22.04855877,26.13816583,25.77428698,21.62524176,22.03444551,20.20157561,24.28560168,,
Belgium,BEL,Current health expenditure per capita (current US$),SH.XPD.CHEX.PC.CD,,,,,,,,,,,,,,,,,,,,,,,,,,,,,,,,,,,,,,,,,1843.176217,1873.984625,2070.250095,2794.409566,3241.845998,3335.539787,3465.818492,3973.798962,4522.64098,4519.785609,4401.468292,4808.810342,4556.609494,4821.570825,4931.364617,4228.314946,,
Benin,BEN,Current health expenditure per capita (current US$),SH.XPD.CHEX.PC.CD,,,,,,,,,,,,,,,,,,,,,,,,,,,,,,,,,,,,,,,,,15.98766801,16.98775602,17.51680298,21.63494784,24.58319825,24.23577888,25.52852308,27.96653655,30.3145421,30.66187362,31.14833493,35.04895274,39.0939749,35.75758336,34.40215717,31.29439157,,
Burkina Faso,BFA,Current health expenditure per capita (current US$),SH.XPD.CHEX.PC.CD,,,,,,,,,,,,,,,,,,,,,,,,,,,,,,,,,,,,,,,,,7.52564316,7.70797987,8.71375206,11.74841644,17.61220904,18.08619955,21.3547242,27.96674999,29.78364972,31.59088375,33.91081732,34.68530369,32.97102135,43.01057125,39.55127795,33.44341877,,
Bangladesh,BGD,Current health expenditure per capita (current US$),SH.XPD.CHEX.PC.CD,,,,,,,,,,,,,,,,,,,,,,,,,,,,,,,,,,,,,,,,,8.30501829,8.11180565,9.05813236,9.96350615,10.74730592,11.25134349,11.95842439,13.88296064,15.32613642,17.38355544,20.17736083,22.15706873,22.74784885,25.85965612,28.834133,31.84148833,,
Bulgaria,BGR,Current health expenditure per capita (current US$),SH.XPD.CHEX.PC.CD,,,,,,,,,,,,,,,,,,,,,,,,,,,,,,,,,,,,,,,,,94.49745062,119.8299795,148.1479138,195.7437111,233.1133262,267.7413974,294.1089036,361.2349755,455.5406227,459.3001663,484.7522866,556.5703392,558.4273319,601.0488155,666.4014104,572.0449119,,
Bahrain,BHR,Current health expenditure per capita (current US$),SH.XPD.CHEX.PC.CD,,,,,,,,,,,,,,,,,,,,,,,,,,,,,,,,,,,,,,,,,466.7082907,472.6467237,488.4213859,507.0301813,501.7575257,532.4842706,556.4198082,604.3148393,657.8820722,667.9913484,680.9747188,694.4238193,972.2190563,1065.438378,1170.968622,1190.041592,,
"Bahamas, The",BHS,Current health expenditure per capita (current US$),SH.XPD.CHEX.PC.CD,,,,,,,,,,,,,,,,,,,,,,,,,,,,,,,,,,,,,,,,,1084.29286,1091.922741,1177.395304,1213.000323,1292.91902,1372.821178,1610.934104,1694.281508,1720.795237,1645.737989,1632.338595,1644.988106,1722.937649,1664.722723,1635.402139,1685.460063,,
Bosnia and Herzegovina,BIH,Current health expenditure per capita (current US$),SH.XPD.CHEX.PC.CD,,,,,,,,,,,,,,,,,,,,,,,,,,,,,,,,,,,,,,,,,105.0078036,110.0691828,124.5064668,180.4241322,244.5973051,262.2711048,302.8935654,387.6875093,484.3265834,424.878444,417.0076166,463.8927854,448.1417812,477.7616628,496.6091937,431.2226085,,
Belarus,BLR,Current health expenditure per capita (current US$),SH.XPD.CHEX.PC.CD,,,,,,,,,,,,,,,,,,,,,,,,,,,,,,,,,,,,,,,,,57.36072665,73.84975545,86.55201989,109.2133673,141.8443827,197.0818058,222.4656082,279.401729,349.7347473,284.6281376,306.2447639,293.9703767,357.3576179,444.1792619,437.0459612,351.8249262,,
Belize,BLZ,Current health expenditure per capita (current US$),SH.XPD.CHEX.PC.CD,,,,,,,,,,,,,,,,,,,,,,,,,,,,,,,,,,,,,,,,,132.6150557,153.678823,154.6363756,165.102614,166.1135227,174.6119263,186.4018219,212.645816,225.6365032,245.6256032,252.5309445,253.9549701,254.380976,272.1219867,280.8359654,301.1964861,,
Bermuda,BMU,Current health expenditure per capita (current US$),SH.XPD.CHEX.PC.CD,,,,,,,,,,,,,,,,,,,,,,,,,,,,,,,,,,,,,,,,,,,,,,,,,,,,,,,,,,
Bolivia,BOL,Current health expenditure per capita (current US$),SH.XPD.CHEX.PC.CD,,,,,,,,,,,,,,,,,,,,,,,,,,,,,,,,,,,,,,,,,43.53687792,45.34018797,43.83700554,47.06445583,46.93883208,51.92928,56.56339481,64.15421131,78.69588916,90.27778775,100.9751485,120.3879224,135.5769659,162.8616979,180.4812815,197.2587687,,
Brazil,BRA,Current health expenditure per capita (current US$),SH.XPD.CHEX.PC.CD,,,,,,,,,,,,,,,,,,,,,,,,,,,,,,,,,,,,,,,,,313.0675873,269.9613913,246.2049597,250.9863732,296.0090884,383.6188632,484.0018228,600.4086603,704.9057571,719.9615271,894.9414189,1029.311397,960.7837804,975.935405,1014.092105,780.3959822,,
Barbados,BRB,Current health expenditure per capita (current US$),SH.XPD.CHEX.PC.CD,,,,,,,,,,,,,,,,,,,,,,,,,,,,,,,,,,,,,,,,,604.8289784,624.0947329,671.9619628,791.1924659,855.3999319,897.010816,974.182418,1028.676093,1123.130175,1153.933055,1102.694095,1149.94106,1280.288368,1261.486327,1179.620556,1160.154188,,
Brunei Darussalam,BRN,Current health expenditure per capita (current US$),SH.XPD.CHEX.PC.CD,,,,,,,,,,,,,,,,,,,,,,,,,,,,,,,,,,,,,,,,,508.4323898,464.6770472,473.1113047,535.1319748,619.1319302,646.0823534,654.7131912,702.8585439,788.9667719,741.5542019,803.4938122,876.434037,881.997736,946.0538147,898.9980609,812.2117571,,
Bhutan,BTN,Current health expenditure per capita (current US$),SH.XPD.CHEX.PC.CD,,,,,,,,,,,,,,,,,,,,,,,,,,,,,,,,,,,,,,,,,31.73610558,32.57503485,32.4566652,36.64366602,40.77033273,41.90013382,43.98585425,55.11821216,53.68032253,57.56279329,69.29039265,74.03349823,77.02172546,78.58963677,79.88904201,91.11436398,,
Botswana,BWA,Current health expenditure per capita (current US$),SH.XPD.CHEX.PC.CD,,,,,,,,,,,,,,,,,,,,,,,,,,,,,,,,,,,,,,,,,194.8146491,206.0432712,144.9682009,240.8275589,304.9646973,281.2780255,269.2409985,300.1493113,321.4560276,349.8140075,380.966423,471.4581832,498.6568669,378.0230245,397.5705924,389.370982,,
Central African Republic,CAF,Current health expenditure per capita (current US$),SH.XPD.CHEX.PC.CD,,,,,,,,,,,,,,,,,,,,,,,,,,,,,,,,,,,,,,,,,8.54768307,7.97461998,8.69806333,11.94544469,12.10751486,14.67966694,14.68082033,19.45481919,19.97869847,19.67778971,16.96249566,18.87130974,17.75130354,14.82515095,17.75450822,16.63966262,,
Canada,CAN,Current health expenditure per capita (current US$),SH.XPD.CHEX.PC.CD,,,,,,,,,,,,,,,,,,,,,,,,,,,,,,,,,,,,,,,,,1998.634433,2054.408799,2150.886914,2551.522218,2913.394902,3282.904795,3710.006373,4125.389372,4389.263347,4290.851273,4987.548682,5292.441914,5343.61216,5286.740903,5028.982333,4507.550519,,
Central Europe and the Baltics,CEB,Current health expenditure per capita (current US$),SH.XPD.CHEX.PC.CD,,,,,,,,,,,,,,,,,,,,,,,,,,,,,,,,,,,,,,,,,222.3401224,254.0266131,300.6384316,375.8725415,450.9621719,526.6139226,585.6214835,737.5730798,935.5709946,848.4168922,860.7918178,912.4931873,856.7662874,928.3349052,939.9967478,817.5588383,,
Switzerland,CHE,Current health expenditure per capita (current US$),SH.XPD.CHEX.PC.CD,,,,,,,,,,,,,,,,,,,,,,,,,,,,,,,,,,,,,,,,,3540.849226,3748.484389,4190.453861,5001.94165,5570.176865,5636.564044,5642.653984,6125.985288,7103.957394,7276.691382,8018.760002,9568.200135,9278.124384,9679.663702,10005.46205,9817.985154,,
Channel Islands,CHI,Current health expenditure per capita (current US$),SH.XPD.CHEX.PC.CD,,,,,,,,,,,,,,,,,,,,,,,,,,,,,,,,,,,,,,,,,,,,,,,,,,,,,,,,,,
Chile,CHL,Current health expenditure per capita (current US$),SH.XPD.CHEX.PC.CD,,,,,,,,,,,,,,,,,,,,,,,,,,,,,,,,,,,,,,,,,358.8254288,328.6389671,324.3238693,351.0979271,428.6192058,501.7506996,572.4164148,650.074188,726.7157444,738.4603447,871.2634421,995.8383462,1083.461579,1173.175208,1127.964406,1101.963652,,
China,CHN,Current health expenditure per capita (current US$),SH.XPD.CHEX.PC.CD,,,,,,,,,,,,,,,,,,,,,,,,,,,,,,,,,,,,,,,,,42.50947428,45.32751656,51.71284087,58.34493844,65.97610747,75.00831176,86.82500053,106.7777236,145.7791784,174.3856541,198.8747881,254.0919521,298.7089571,339.0608085,376.1940122,425.6332942,,
Cote d'Ivoire,CIV,Current health expenditure per capita (current US$),SH.XPD.CHEX.PC.CD,,,,,,,,,,,,,,,,,,,,,,,,,,,,,,,,,,,,,,,,,36.4305262,31.86389533,31.83391767,40.22798497,47.96119368,49.87142465,55.25847527,66.68604235,76.0630344,75.7871072,74.97885684,73.44966459,75.29444006,72.23057388,79.05314337,75.45261707,,
Cameroon,CMR,Current health expenditure per capita (current US$),SH.XPD.CHEX.PC.CD,,,,,,,,,,,,,,,,,,,,,,,,,,,,,,,,,,,,,,,,,26.29117421,27.67918869,31.32293085,38.89506822,41.6311147,42.66516151,44.36485256,50.578296,61.45114496,57.96943368,58.96177642,48.59146001,62.70305079,67.26609211,71.24243367,63.62799174,,
"Congo, Dem. Rep.",COD,Current health expenditure per capita (current US$),SH.XPD.CHEX.PC.CD,,,,,,,,,,,,,,,,,,,,,,,,,,,,,,,,,,,,,,,,,18.44459166,5.89784984,4.48728464,5.35605248,6.21089414,6.59235351,7.95075069,9.26551444,12.29462469,15.21632219,12.85738813,12.57953724,14.25106851,16.33662202,19.38299664,19.7532499,,
"Congo, Rep.",COG,Current health expenditure per capita (current US$),SH.XPD.CHEX.PC.CD,,,,,,,,,,,,,,,,,,,,,,,,,,,,,,,,,,,,,,,,,16.90870229,20.02143754,16.63050839,21.11861112,27.14760651,30.70922799,35.8638353,41.95578521,63.13312929,48.7714623,55.44844074,60.71307946,59.08957101,71.24036691,70.95479285,58.7927279,,
Colombia,COL,Current health expenditure per capita (current US$),SH.XPD.CHEX.PC.CD,,,,,,,,,,,,,,,,,,,,,,,,,,,,,,,,,,,,,,,,,135.3344509,133.1803198,125.2791665,125.29933,139.9148197,185.261659,212.6620537,268.1875533,327.6406487,329.1268377,384.0470223,429.4724021,481.1788852,482.9644242,506.6759913,374.2363877,,
Comoros,COM,Current health expenditure per capita (current US$),SH.XPD.CHEX.PC.CD,,,,,,,,,,,,,,,,,,,,,,,,,,,,,,,,,,,,,,,,,45.55098359,43.34986268,48.34568019,57.58206826,62.89913707,62.56691292,62.71839681,68.06268799,72.44776337,68.0942905,67.2999094,78.60987516,65.38420946,69.15467698,68.62466465,58.54066223,,
Cabo Verde,CPV,Current health expenditure per capita (current US$),SH.XPD.CHEX.PC.CD,,,,,,,,,,,,,,,,,,,,,,,,,,,,,,,,,,,,,,,,,60.06092816,65.92455681,71.45998689,87.17354207,95.70651912,98.19826578,115.5013849,130.3739911,130.386507,133.7013391,148.2680728,158.0220494,157.9045599,156.7558939,177.1117739,145.8259328,,
Costa Rica,CRI,Current health expenditure per capita (current US$),SH.XPD.CHEX.PC.CD,,,,,,,,,,,,,,,,,,,,,,,,,,,,,,,,,,,,,,,,,249.1286701,255.5616591,279.2256222,291.0616538,294.0357322,314.2572015,365.4767305,430.1264957,518.6321201,536.9704931,663.8606106,775.5677331,812.1293975,876.6484594,868.3114501,929.1149745,,
Caribbean small states,CSS,Current health expenditure per capita (current US$),SH.XPD.CHEX.PC.CD,,,,,,,,,,,,,,,,,,,,,,,,,,,,,,,,,,,,,,,,,248.8717512,248.6141743,266.0574831,286.5961893,317.2453409,351.1907053,382.5318698,440.0856676,496.0771804,482.4132891,484.5387453,521.7715503,546.5697665,570.2198373,565.7742612,591.7930367,,
Cuba,CUB,Current health expenditure per capita (current US$),SH.XPD.CHEX.PC.CD,,,,,,,,,,,,,,,,,,,,,,,,,,,,,,,,,,,,,,,,,,,,,,,,,,,,,,,,,,
Curacao,CUW,Current health expenditure per capita (current US$),SH.XPD.CHEX.PC.CD,,,,,,,,,,,,,,,,,,,,,,,,,,,,,,,,,,,,,,,,,,,,,,,,,,,,,,,,,,
Cayman Islands,CYM,Current health expenditure per capita (current US$),SH.XPD.CHEX.PC.CD,,,,,,,,,,,,,,,,,,,,,,,,,,,,,,,,,,,,,,,,,,,,,,,,,,,,,,,,,,
Cyprus,CYP,Current health expenditure per capita (current US$),SH.XPD.CHEX.PC.CD,,,,,,,,,,,,,,,,,,,,,,,,,,,,,,,,,,,,,,,,,751.0773325,782.5985729,890.5235378,1123.609926,1258.179635,1328.412765,1432.182858,1641.701496,2156.660287,2105.022507,1958.802127,2153.402314,1942.217708,1920.270977,1847.553623,1563.31982,,
Czech Republic,CZE,Current health expenditure per capita (current US$),SH.XPD.CHEX.PC.CD,,,,,,,,,,,,,,,,,,,,,,,,,,,,,,,,,,,,,,,,,342.9210492,388.5440198,497.7420227,640.6604176,746.3289496,852.6524674,942.1180348,1110.176622,1449.336824,1442.242785,1373.931749,1516.555491,1387.406044,1554.508995,1512.926186,1284.046798,,
Germany,DEU,Current health expenditure per capita (current US$),SH.XPD.CHEX.PC.CD,,,,,,,,,,,,,,,,,,,,,,,,,,,,,,,,,,,,,,,,,2355.46583,2363.120795,2579.958041,3182.553539,3506.320861,3614.69389,3746.15611,4240.497982,4730.123037,4742.252717,4696.737702,5030.805251,4761.253315,5103.486548,5293.384484,4591.846096,,
Djibouti,DJI,Current health expenditure per capita (current US$),SH.XPD.CHEX.PC.CD,,,,,,,,,,,,,,,,,,,,,,,,,,,,,,,,,,,,,,,,,31.95798485,31.05513472,40.23333283,46.17570544,40.33253296,40.95962225,47.2321709,50.20168062,53.53124443,54.72465582,55.47851004,67.80436579,71.15094622,66.52605361,72.04343175,81.72909389,,
Dominica,DMA,Current health expenditure per capita (current US$),SH.XPD.CHEX.PC.CD,,,,,,,,,,,,,,,,,,,,,,,,,,,,,,,,,,,,,,,,,225.4270966,227.2826349,227.8428431,229.1751534,229.917113,240.6906619,255.0694501,282.11524,299.6690521,340.3350971,349.8566526,324.2472551,363.1234718,354.4812041,374.7481288,383.6501306,,
Denmark,DNK,Current health expenditure per capita (current US$),SH.XPD.CHEX.PC.CD,,,,,,,,,,,,,,,,,,,,,,,,,,,,,,,,,,,,,,,,,2496.047241,2602.642991,2895.807227,3607.043005,4194.873164,4442.755267,4778.891673,5468.379131,6137.776172,6221.689255,6036.215568,6308.087495,6020.180106,6262.780198,6424.431983,5497.391543,,
Dominican Republic,DOM,Current health expenditure per capita (current US$),SH.XPD.CHEX.PC.CD,,,,,,,,,,,,,,,,,,,,,,,,,,,,,,,,,,,,,,,,,115.3991871,120.9113352,125.0309686,95.48890155,104.7216143,167.3727125,161.6524169,193.8076711,233.678068,250.353418,299.656102,326.6245451,351.5394399,356.898662,376.6421724,396.6925224,,
Algeria,DZA,Current health expenditure per capita (current US$),SH.XPD.CHEX.PC.CD,,,,,,,,,,,,,,,,,,,,,,,,,,,,,,,,,,,,,,,,,61.30289032,66.50473274,66.17266498,75.41760422,92.11506564,100.2941516,116.2412296,150.3797824,206.1130504,207.3460211,228.3995436,286.1519858,333.9365052,330.2233721,357.8989427,291.6358976,,
East Asia & Pacific (excluding high income),EAP,Current health expenditure per capita (current US$),SH.XPD.CHEX.PC.CD,,,,,,,,,,,,,,,,,,,,,,,,,,,,,,,,,,,,,,,,,38.05084754,40.05550405,45.23282094,51.58813875,57.83434865,66.41678593,77.64244046,95.03495021,124.9295426,145.3098964,170.1055944,212.4913044,246.1440054,274.5694102,300.7484983,332.4248804,,
Early-demographic dividend,EAR,Current health expenditure per capita (current US$),SH.XPD.CHEX.PC.CD,,,,,,,,,,,,,,,,,,,,,,,,,,,,,,,,,,,,,,,,,60.90565557,62.31443338,59.04711358,66.43171437,75.01895709,85.68100918,94.8208663,109.8627411,121.2965463,122.0044133,141.4424377,154.0551736,159.2359093,165.0377,168.0280335,169.5356572,,
East Asia & Pacific,EAS,Current health expenditure per capita (current US$),SH.XPD.CHEX.PC.CD,,,,,,,,,,,,,,,,,,,,,,,,,,,,,,,,,,,,,,,,,239.2457223,223.295733,225.8932025,253.8392695,280.5746839,294.9580501,302.8144268,329.5098455,383.742717,428.1045319,489.3539071,600.9392366,640.8323479,616.0665155,627.8046809,626.0775593,,
Europe & Central Asia (excluding high income),ECA,Current health expenditure per capita (current US$),SH.XPD.CHEX.PC.CD,,,,,,,,,,,,,,,,,,,,,,,,,,,,,,,,,,,,,,,,,89.78833705,95.06994077,114.3251678,142.8213697,182.1047808,230.4772898,281.4428023,358.5728915,445.5659608,385.4026096,419.0377208,468.7161601,504.4109369,543.1321588,504.7439948,391.3626164,,
Europe & Central Asia,ECS,Current health expenditure per capita (current US$),SH.XPD.CHEX.PC.CD,,,,,,,,,,,,,,,,,,,,,,,,,,,,,,,,,,,,,,,,,909.3582339,940.9138068,1058.319261,1319.494927,1530.226297,1632.852044,1740.347799,2002.518612,2240.63348,2147.932415,2138.193117,2308.024993,2216.363953,2367.241903,2411.081626,2089.140371,,
Ecuador,ECU,Current health expenditure per capita (current US$),SH.XPD.CHEX.PC.CD,,,,,,,,,,,,,,,,,,,,,,,,,,,,,,,,,,,,,,,,,48.09148044,71.15252027,97.3524662,132.3926017,150.3476024,168.5761107,190.5664931,210.5600243,259.849646,282.9584272,350.1793282,405.6149935,477.845472,518.3888913,555.8669693,530.1083691,,
"Egypt, Arab Rep.",EGY,Current health expenditure per capita (current US$),SH.XPD.CHEX.PC.CD,,,,,,,,,,,,,,,,,,,,,,,,,,,,,,,,,,,,,,,,,72.52476666,71.97563985,67.21645378,52.98259935,53.06534883,62.81664606,70.1809435,77.66156169,95.62693327,104.9446022,111.4353496,123.2596129,143.3803754,140.3324516,153.7887639,156.6371314,,
Euro area,EMU,Current health expenditure per capita (current US$),SH.XPD.CHEX.PC.CD,,,,,,,,,,,,,,,,,,,,,,,,,,,,,,,,,,,,,,,,,1740.05695,1784.533143,1980.071738,2488.235803,2848.089891,2989.747025,3134.026638,3554.755157,4000.170593,3926.849901,3822.207946,4060.819932,3799.199557,3985.130514,4069.203857,3487.115276,,
Eritrea,ERI,Current health expenditure per capita (current US$),SH.XPD.CHEX.PC.CD,,,,,,,,,,,,,,,,,,,,,,,,,,,,,,,,,,,,,,,,,11.75298588,11.39219637,11.06394858,13.21901886,15.59273736,14.70170452,15.76282674,12.96315869,15.20761491,17.23056192,17.70877475,19.76122366,22.45524332,24.20024689,27.92305168,30.93640001,,
Spain,ESP,Current health expenditure per capita (current US$),SH.XPD.CHEX.PC.CD,,,,,,,,,,,,,,,,,,,,,,,,,,,,,,,,,,,,,,,,,1002.787027,1044.136961,1169.059987,1632.526864,1915.379897,2051.790263,2228.206706,2588.513538,2967.676672,2914.032071,2778.444191,2898.89693,2588.955912,2628.499063,2686.920189,2353.926048,,
Estonia,EST,Current health expenditure per capita (current US$),SH.XPD.CHEX.PC.CD,,,,,,,,,,,,,,,,,,,,,,,,,,,,,,,,,,,,,,,,,210.3526489,215.4156593,251.2356339,350.4995058,450.7370361,512.2601151,619.8016417,833.8427068,1039.619581,963.9469257,927.7096491,1016.326724,1015.251381,1146.177863,1238.466733,1112.009269,,
Ethiopia,ETH,Current health expenditure per capita (current US$),SH.XPD.CHEX.PC.CD,,,,,,,,,,,,,,,,,,,,,,,,,,,,,,,,,,,,,,,,,5.35950235,5.57839031,5.22523176,5.79413748,5.83911977,6.62058351,8.17550859,11.45837213,13.40835723,14.80748258,16.79140775,15.26548301,20.87776231,20.07690426,22.50598448,24.27819125,,
European Union,EUU,Current health expenditure per capita (current US$),SH.XPD.CHEX.PC.CD,,,,,,,,,,,,,,,,,,,,,,,,,,,,,,,,,,,,,,,,,1454.39939,1501.332984,1678.360637,2096.182146,2422.290192,2559.003784,2704.324528,3090.419499,3422.105426,3308.088041,3252.477461,3484.264528,3300.750647,3535.093561,3644.079214,3183.838983,,
Fragile and conflict affected situations,FCS,Current health expenditure per capita (current US$),SH.XPD.CHEX.PC.CD,,,,,,,,,,,,,,,,,,,,,,,,,,,,,,,,,,,,,,,,,29.90020362,27.75685774,25.62340668,28.12230311,32.84222247,35.05840147,40.32327294,50.64506121,58.53561513,63.65383248,64.69577467,67.35608042,63.82658699,68.24880927,74.47889094,73.28423742,,
Finland,FIN,Current health expenditure per capita (current US$),SH.XPD.CHEX.PC.CD,,,,,,,,,,,,,,,,,,,,,,,,,,,,,,,,,,,,,,,,,1658.072282,1740.240733,1974.78064,2514.542788,2932.347788,3116.650684,3291.342432,3778.90546,4317.165269,4178.955683,4097.551972,4545.198938,4405.442628,4711.659658,4731.911709,4005.483235,,
Fiji,FJI,Current health expenditure per capita (current US$),SH.XPD.CHEX.PC.CD,,,,,,,,,,,,,,,,,,,,,,,,,,,,,,,,,,,,,,,,,77.00412095,64.16983253,73.01235535,91.34044731,117.6120653,129.0754821,136.0088306,150.905555,144.1117755,129.0674195,135.1620656,148.1940128,160.8294297,165.12782,184.7082497,174.9339093,,
France,FRA,Current health expenditure per capita (current US$),SH.XPD.CHEX.PC.CD,,,,,,,,,,,,,,,,,,,,,,,,,,,,,,,,,,,,,,,,,2156.483253,2190.798774,2438.246769,2999.567388,3452.430338,3573.602553,3693.584291,4168.034547,4614.26543,4523.594551,4385.429864,4725.351304,4447.746434,4679.11465,4779.179428,4026.147179,,
Faroe Islands,FRO,Current health expenditure per capita (current US$),SH.XPD.CHEX.PC.CD,,,,,,,,,,,,,,,,,,,,,,,,,,,,,,,,,,,,,,,,,,,,,,,,,,,,,,,,,,
"Micronesia, Fed. Sts.",FSM,Current health expenditure per capita (current US$),SH.XPD.CHEX.PC.CD,,,,,,,,,,,,,,,,,,,,,,,,,,,,,,,,,,,,,,,,,168.4108087,189.3203938,177.5257751,218.7334295,234.681967,270.9129346,256.0289164,270.4691753,299.4965447,338.0844556,371.0398008,387.4797039,377.3173724,363.4613604,379.111955,394.8772898,,
Gabon,GAB,Current health expenditure per capita (current US$),SH.XPD.CHEX.PC.CD,,,,,,,,,,,,,,,,,,,,,,,,,,,,,,,,,,,,,,,,,119.3704973,127.7072117,132.3782134,169.5849571,185.9572354,187.3504217,204.2266756,240.767769,257.6278393,263.3978945,216.7141215,274.0899973,236.6305118,274.9890725,245.485328,197.9447153,,
United Kingdom,GBR,Current health expenditure per capita (current US$),SH.XPD.CHEX.PC.CD,,,,,,,,,,,,,,,,,,,,,,,,,,,,,,,,,,,,,,,,,1672.524962,1736.492391,1964.81108,2347.64907,2835.760231,3017.104365,3262.574646,3756.330974,3615.617554,3272.640546,3306.786792,3501.483299,3532.055053,4193.71878,4566.65015,4355.805764,,
Georgia,GEO,Current health expenditure per capita (current US$),SH.XPD.CHEX.PC.CD,,,,,,,,,,,,,,,,,,,,,,,,,,,,,,,,,,,,,,,,,47.90107049,50.79815136,59.08507345,71.91230442,94.03149353,118.6558506,136.7833193,177.2472186,255.9173836,246.9774867,262.526721,290.412414,323.0097784,334.9199339,348.8296876,280.9128658,,
Ghana,GHA,Current health expenditure per capita (current US$),SH.XPD.CHEX.PC.CD,,,,,,,,,,,,,,,,,,,,,,,,,,,,,,,,,,,,,,,,,21.85015629,24.84251415,25.40023553,30.83072784,35.1658443,51.24319273,56.99034369,67.49379964,78.44189486,70.70895365,85.54368917,95.92606699,88.99614253,104.6270798,76.75251824,79.5882796,,
Gibraltar,GIB,Current health expenditure per capita (current US$),SH.XPD.CHEX.PC.CD,,,,,,,,,,,,,,,,,,,,,,,,,,,,,,,,,,,,,,,,,,,,,,,,,,,,,,,,,,
Guinea,GIN,Current health expenditure per capita (current US$),SH.XPD.CHEX.PC.CD,,,,,,,,,,,,,,,,,,,,,,,,,,,,,,,,,,,,,,,,,16.95452491,16.48102509,19.29929056,18.66372868,17.77384111,13.73113129,12.64381548,18.74588897,18.6329779,18.686462,19.50076044,23.30078358,22.9440726,25.13110881,24.20998981,25.13424009,,
"Gambia, The",GMB,Current health expenditure per capita (current US$),SH.XPD.CHEX.PC.CD,,,,,,,,,,,,,,,,,,,,,,,,,,,,,,,,,,,,,,,,,23.00798367,20.11997444,16.57744763,15.2053107,18.05745941,21.21098413,24.01049394,29.68015471,35.96464608,31.7608044,32.28450882,32.1282834,30.98698036,29.88498261,31.01433156,31.87894155,,
Guinea-Bissau,GNB,Current health expenditure per capita (current US$),SH.XPD.CHEX.PC.CD,,,,,,,,,,,,,,,,,,,,,,,,,,,,,,,,,,,,,,,,,21.17351847,18.83120334,15.99691112,20.4598624,27.02982925,26.65665676,26.93103317,32.75365931,39.94322504,35.81578526,33.54942086,37.36944936,31.16447274,32.1737251,43.89107604,39.4753081,,
Equatorial Guinea,GNQ,Current health expenditure per capita (current US$),SH.XPD.CHEX.PC.CD,,,,,,,,,,,,,,,,,,,,,,,,,,,,,,,,,,,,,,,,,50.7635907,57.79962671,31.54472781,47.68063201,68.14841619,79.80082055,187.1235796,232.3400579,300.0295983,278.8632316,262.5162618,289.3460153,311.4180747,349.3512309,337.2550541,279.9981499,,
Greece,GRC,Current health expenditure per capita (current US$),SH.XPD.CHEX.PC.CD,,,,,,,,,,,,,,,,,,,,,,,,,,,,,,,,,,,,,,,,,885.4104608,1003.93696,1163.33169,1516.479445,1743.958342,2032.053588,2226.551421,2614.6776,3007.150751,2816.126306,2573.822453,2353.970674,1944.829291,1817.021958,1715.770595,1504.759697,,
Grenada,GRD,Current health expenditure per capita (current US$),SH.XPD.CHEX.PC.CD,,,,,,,,,,,,,,,,,,,,,,,,,,,,,,,,,,,,,,,,,261.0269369,273.9931264,304.4977691,301.3611903,299.4539115,355.9385571,394.3167361,416.2047138,455.8060803,445.8730707,451.5279631,452.1525189,439.29414,446.9133704,451.3233948,460.2756196,,
Greenland,GRL,Current health expenditure per capita (current US$),SH.XPD.CHEX.PC.CD,,,,,,,,,,,,,,,,,,,,,,,,,,,,,,,,,,,,,,,,,,,,,,,,,,,,,,,,,,
Guatemala,GTM,Current health expenditure per capita (current US$),SH.XPD.CHEX.PC.CD,,,,,,,,,,,,,,,,,,,,,,,,,,,,,,,,,,,,,,,,,85.80756349,105.4066064,113.4949033,119.3580226,126.1865499,137.685321,156.3731774,167.0369165,182.3049308,174.4142383,181.1202232,196.7631381,206.6582941,214.7604148,228.8412157,224.3802644,,
Guam,GUM,Current health expenditure per capita (current US$),SH.XPD.CHEX.PC.CD,,,,,,,,,,,,,,,,,,,,,,,,,,,,,,,,,,,,,,,,,,,,,,,,,,,,,,,,,,
Guyana,GUY,Current health expenditure per capita (current US$),SH.XPD.CHEX.PC.CD,,,,,,,,,,,,,,,,,,,,,,,,,,,,,,,,,,,,,,,,,41.45058204,42.62030194,46.74137719,51.08487215,52.81553879,58.87233645,77.57027808,93.91708918,107.2545665,124.9429076,140.5747592,169.0260702,183.0462031,196.4320057,207.2130599,184.4525383,,
High income,HIC,Current health expenditure per capita (current US$),SH.XPD.CHEX.PC.CD,,,,,,,,,,,,,,,,,,,,,,,,,,,,,,,,,,,,,,,,,2361.965177,2446.910287,2631.523038,2991.230891,3291.133678,3476.186653,3652.115275,3960.128413,4242.307741,4312.317572,4461.529189,4793.235984,4812.565522,4884.326502,5021.072837,4874.899448,,
"Hong Kong SAR, China",HKG,Current health expenditure per capita (current US$),SH.XPD.CHEX.PC.CD,,,,,,,,,,,,,,,,,,,,,,,,,,,,,,,,,,,,,,,,,,,,,,,,,,,,,,,,,,
Honduras,HND,Current health expenditure per capita (current US$),SH.XPD.CHEX.PC.CD,,,,,,,,,,,,,,,,,,,,,,,,,,,,,,,,,,,,,,,,,68.94953567,67.57582942,71.01313759,79.06315791,82.57000986,95.78064438,108.5500822,124.8670535,143.1231045,154.1415242,159.0002704,162.0373726,183.7095573,175.8926983,172.544638,176.6132471,,
Heavily indebted poor countries (HIPC),HPC,Current health expenditure per capita (current US$),SH.XPD.CHEX.PC.CD,,,,,,,,,,,,,,,,,,,,,,,,,,,,,,,,,,,,,,,,,16.85418085,16.10929449,16.74646757,19.41661861,22.61298016,26.00220796,30.24224166,35.82342422,40.38784291,40.75193077,43.26875913,45.54576275,46.13130937,49.57194536,50.75326654,50.58596346,,
Croatia,HRV,Current health expenditure per capita (current US$),SH.XPD.CHEX.PC.CD,,,,,,,,,,,,,,,,,,,,,,,,,,,,,,,,,,,,,,,,,370.4832437,387.5926634,386.4923436,512.1650417,634.4984048,726.5004998,815.8902924,1041.565539,1258.984561,1187.353516,1125.413697,1131.137781,1029.424253,988.8485766,1005.589691,852.0886433,,
Haiti,HTI,Current health expenditure per capita (current US$),SH.XPD.CHEX.PC.CD,,,,,,,,,,,,,,,,,,,,,,,,,,,,,,,,,,,,,,,,,29.61171986,26.64746829,21.79095919,18.16031501,23.48988972,24.70739644,28.52183567,42.38186027,50.55632226,57.3187032,68.53236416,78.37832202,76.68530846,58.19069094,58.95661459,53.57394448,,
Hungary,HUN,Current health expenditure per capita (current US$),SH.XPD.CHEX.PC.CD,,,,,,,,,,,,,,,,,,,,,,,,,,,,,,,,,,,,,,,,,313.1085687,359.6969785,473.1282137,682.8658875,798.4536531,895.2033323,893.2029287,1003.257927,1117.202461,943.6874973,983.1107045,1063.432072,961.1384024,990.6309174,1007.025824,893.6544568,,
IBRD only,IBD,Current health expenditure per capita (current US$),SH.XPD.CHEX.PC.CD,,,,,,,,,,,,,,,,,,,,,,,,,,,,,,,,,,,,,,,,,73.88718943,75.34441375,76.13970468,85.10469924,98.79293414,116.5932152,135.3959074,164.4388022,198.8444463,202.7829953,234.3761862,270.6071803,287.3448075,305.9956134,315.1347198,308.0828453,,
IDA & IBRD total,IBT,Current health expenditure per capita (current US$),SH.XPD.CHEX.PC.CD,,,,,,,,,,,,,,,,,,,,,,,,,,,,,,,,,,,,,,,,,61.84445472,62.79036238,63.24456134,71.05709059,82.18089917,96.67535567,112.2524447,135.6730109,163.1058405,165.6106274,190.0741093,217.9774416,230.3298613,245.5054151,252.804672,246.558148,,
IDA total,IDA,Current health expenditure per capita (current US$),SH.XPD.CHEX.PC.CD,,,,,,,,,,,,,,,,,,,,,,,,,,,,,,,,,,,,,,,,,15.7750118,15.34976179,16.1121776,20.05881733,22.6473926,26.20566931,31.41534127,36.48788881,41.45480834,40.6855578,44.65942663,47.46108978,49.56409532,53.53657947,57.65500172,56.51517002,,
IDA blend,IDB,Current health expenditure per capita (current US$),SH.XPD.CHEX.PC.CD,,,,,,,,,,,,,,,,,,,,,,,,,,,,,,,,,,,,,,,,,17.82646863,17.08646448,17.60984121,25.00184768,27.70962011,33.24261396,42.29508768,47.97951052,54.10385865,49.51715859,56.02600162,59.70131523,65.50050594,72.02604881,77.25617221,73.91266352,,
Indonesia,IDN,Current health expenditure per capita (current US$),SH.XPD.CHEX.PC.CD,,,,,,,,,,,,,,,,,,,,,,,,,,,,,,,,,,,,,,,,,15.64395992,16.72264677,19.30873793,26.0586235,26.5502314,34.78600918,45.36182921,57.05049358,60.66673798,63.90408452,107.4919651,121.4717487,124.4735344,122.0415186,120.0791904,111.7617438,,
IDA only,IDX,Current health expenditure per capita (current US$),SH.XPD.CHEX.PC.CD,,,,,,,,,,,,,,,,,,,,,,,,,,,,,,,,,,,,,,,,,14.73726572,14.47231149,15.37694993,17.6369417,20.1712556,22.76772602,26.10364196,30.87836041,35.2783553,36.37030945,38.91789149,41.26784817,41.58384984,44.07465673,47.62453406,47.61295095,,
Isle of Man,IMN,Current health expenditure per capita (current US$),SH.XPD.CHEX.PC.CD,,,,,,,,,,,,,,,,,,,,,,,,,,,,,,,,,,,,,,,,,,,,,,,,,,,,,,,,,,
India,IND,Current health expenditure per capita (current US$),SH.XPD.CHEX.PC.CD,,,,,,,,,,,,,,,,,,,,,,,,,,,,,,,,,,,,,,,,,18.56432338,19.86275888,20.30065615,22.06719108,25.14221009,27.7514487,29.65160001,35.96347771,37.99359996,38.41241243,45.25077162,48.72283264,49.05140288,56.21882423,57.15113981,63.31774153,,
Not classified,INX,Current health expenditure per capita (current US$),SH.XPD.CHEX.PC.CD,,,,,,,,,,,,,,,,,,,,,,,,,,,,,,,,,,,,,,,,,,,,,,,,,,,,,,,,,,
Ireland,IRL,Current health expenditure per capita (current US$),SH.XPD.CHEX.PC.CD,,,,,,,,,,,,,,,,,,,,,,,,,,,,,,,,,,,,,,,,,1560.950542,1822.140361,2190.017813,2904.407454,3476.919699,3936.62397,4143.448853,4852.221215,5616.048398,5480.83262,5128.45058,5229.3439,4957.454484,5429.949847,5516.143534,4757.117548,,
"Iran, Islamic Rep.",IRN,Current health expenditure per capita (current US$),SH.XPD.CHEX.PC.CD,,,,,,,,,,,,,,,,,,,,,,,,,,,,,,,,,,,,,,,,,80.23736803,93.70489416,104.684134,115.4462587,141.0425857,173.2065415,197.9138371,245.989671,299.4399315,367.5755824,440.8524948,524.6916223,519.3035948,413.7277744,382.7058953,365.9822284,,
Iraq,IRQ,Current health expenditure per capita (current US$),SH.XPD.CHEX.PC.CD,,,,,,,,,,,,,,,,,,,,,,,,,,,,,,,,,,,,,,,,,,,,28.15644551,53.50298763,53.59041149,56.67925254,97.2055255,129.6965755,163.1475118,145.4638422,163.4209172,178.9398572,194.7803022,186.8752008,154.477493,,
Iceland,ISL,Current health expenditure per capita (current US$),SH.XPD.CHEX.PC.CD,,,,,,,,,,,,,,,,,,,,,,,,,,,,,,,,,,,,,,,,,2866.029805,2538.00863,3067.315762,3936.976756,4475.175901,5197.880799,4994.975054,5964.066792,4814.432403,3656.719384,3671.416083,3975.166705,3852.93317,4157.796738,4609.419762,4375.369452,,
Israel,ISR,Current health expenditure per capita (current US$),SH.XPD.CHEX.PC.CD,,,,,,,,,,,,,,,,,,,,,,,,,,,,,,,,,,,,,,,,,1496.879491,1541.56893,1387.57677,1417.605327,1471.52647,1537.72748,1581.033934,1784.593806,2129.024272,2022.897441,2218.402526,2419.314661,2383.421916,2655.442214,2889.121687,2756.117125,,
Italy,ITA,Current health expenditure per capita (current US$),SH.XPD.CHEX.PC.CD,,,,,,,,,,,,,,,,,,,,,,,,,,,,,,,,,,,,,,,,,1520.453642,1585.269951,1754.25531,2158.177131,2561.030665,2676.486754,2830.181814,3088.470097,3489.985726,3324.37362,3214.546282,3387.575618,3125.611468,3195.553285,3190.088143,2700.4258,,
Jamaica,JAM,Current health expenditure per capita (current US$),SH.XPD.CHEX.PC.CD,,,,,,,,,,,,,,,,,,,,,,,,,,,,,,,,,,,,,,,,,195.53065,181.138253,174.9438451,158.3518306,179.452481,168.8953245,189.0452491,234.9133462,269.9076614,226.7599661,252.3538366,279.7463909,274.1366196,291.6099667,268.5771974,294.2611056,,
Jordan,JOR,Current health expenditure per capita (current US$),SH.XPD.CHEX.PC.CD,,,,,,,,,,,,,,,,,,,,,,,,,,,,,,,,,,,,,,,,,159.7515098,170.8268327,174.9880186,172.2284717,185.9997312,195.245744,204.4032021,229.3342409,296.377705,331.8196438,308.6578992,317.5778092,309.442208,293.4598739,301.537718,257.4155191,,
Japan,JPN,Current health expenditure per capita (current US$),SH.XPD.CHEX.PC.CD,,,,,,,,,,,,,,,,,,,,,,,,,,,,,,,,,,,,,,,,,2740.465025,2479.623481,2404.466805,2642.032461,2875.722141,2883.083247,2754.157447,2772.455448,3213.398809,3685.825237,4060.190083,5087.102201,5212.06938,4336.149947,4099.46508,3732.562266,,
Kazakhstan,KAZ,Current health expenditure per capita (current US$),SH.XPD.CHEX.PC.CD,,,,,,,,,,,,,,,,,,,,,,,,,,,,,,,,,,,,,,,,,50.54331498,51.12125287,58.9409828,75.32142822,111.5381653,149.9794568,192.8051469,211.2937572,304.9985284,295.5355529,363.9060078,393.6456546,464.1207225,491.9495124,459.2495177,379.0763653,,
Kenya,KEN,Current health expenditure per capita (current US$),SH.XPD.CHEX.PC.CD,,,,,,,,,,,,,,,,,,,,,,,,,,,,,,,,,,,,,,,,,21.20380056,21.71064291,21.81258671,22.57868766,23.21128171,26.27694485,32.40151802,42.19589873,44.33673174,48.9815055,61.91234767,54.77529974,65.34393673,69.85223012,72.98606376,70.06302021,,
Kyrgyz Republic,KGZ,Current health expenditure per capita (current US$),SH.XPD.CHEX.PC.CD,,,,,,,,,,,,,,,,,,,,,,,,,,,,,,,,,,,,,,,,,12.29035324,13.16226943,14.77491574,22.3265869,27.23736869,36.11369779,45.94963004,50.79243196,64.3836884,61.29603044,62.59442546,80.59436468,100.7779883,105.660175,107.5061505,92.07670398,,
Cambodia,KHM,Current health expenditure per capita (current US$),SH.XPD.CHEX.PC.CD,,,,,,,,,,,,,,,,,,,,,,,,,,,,,,,,,,,,,,,,,19.32120027,21.13686132,22.81817161,28.11784387,32.00490822,33.44829202,32.02898409,30.96544918,49.23015402,55.98244138,54.45417894,66.21792342,69.06166782,70.08952996,67.86517096,69.58503779,,
Kiribati,KIR,Current health expenditure per capita (current US$),SH.XPD.CHEX.PC.CD,,,,,,,,,,,,,,,,,,,,,,,,,,,,,,,,,,,,,,,,,68.88175575,89.25641907,96.73224543,108.2313173,140.240755,139.8858738,135.0383878,156.8072564,201.5115543,177.1710152,139.8884139,148.8535291,153.6726176,161.5420299,161.3890539,108.3802885,,
St. Kitts and Nevis,KNA,Current health expenditure per capita (current US$),SH.XPD.CHEX.PC.CD,,,,,,,,,,,,,,,,,,,,,,,,,,,,,,,,,,,,,,,,,439.6643215,461.4464544,482.317981,487.1063245,535.4382686,571.3956711,694.4958242,720.9976542,809.1737525,810.4221573,784.8078158,829.8640826,796.9561519,834.7554202,896.8097182,906.9985425,,
"Korea, Rep.",KOR,Current health expenditure per capita (current US$),SH.XPD.CHEX.PC.CD,,,,,,,,,,,,,,,,,,,,,,,,,,,,,,,,,,,,,,,,,473.916029,505.5840158,555.2051538,670.4068387,753.3977109,937.1442538,1137.599128,1295.508321,1184.511268,1162.135801,1436.754071,1585.353066,1646.861938,1796.938874,1995.746806,2012.744095,,
Kuwait,KWT,Current health expenditure per capita (current US$),SH.XPD.CHEX.PC.CD,,,,,,,,,,,,,,,,,,,,,,,,,,,,,,,,,,,,,,,,,462.5890692,596.6914412,635.4162622,713.1562531,742.3007924,843.8959269,962.5646933,976.8039702,1074.297279,1454.546272,1061.365617,1263.820736,1319.254454,1251.39154,1375.003395,1168.828478,,
Latin America & Caribbean (excluding high income),LAC,Current health expenditure per capita (current US$),SH.XPD.CHEX.PC.CD,,,,,,,,,,,,,,,,,,,,,,,,,,,,,,,,,,,,,,,,,237.3544387,232.8138806,225.1977089,232.8640044,263.1105482,314.8668131,369.3529361,438.7982975,500.9035034,496.3700377,590.5473279,653.2342649,638.6462462,653.5731894,675.4242797,584.062544,,
Lao PDR,LAO,Current health expenditure per capita (current US$),SH.XPD.CHEX.PC.CD,,,,,,,,,,,,,,,,,,,,,,,,,,,,,,,,,,,,,,,,,14.45117341,14.56845517,13.44366785,17.92297916,20.73092314,22.83254093,24.95304818,24.7830279,26.37212587,36.69362719,34.98007331,27.51471885,32.98599447,44.1285816,46.37335713,52.98525778,,
Lebanon,LBN,Current health expenditure per capita (current US$),SH.XPD.CHEX.PC.CD,,,,,,,,,,,,,,,,,,,,,,,,,,,,,,,,,,,,,,,,,569.0968971,544.4817531,494.9276844,456.4795577,438.1266227,407.0260646,470.0803586,520.050548,553.7247244,592.9928013,659.3505459,711.584325,713.5562772,676.4547704,654.8995398,645.1717088,,
Liberia,LBR,Current health expenditure per capita (current US$),SH.XPD.CHEX.PC.CD,,,,,,,,,,,,,,,,,,,,,,,,,,,,,,,,,,,,,,,,,7.0073773,6.41993329,5.15606312,4.61851916,11.75084989,14.34478729,14.44995412,21.57796337,25.59430642,32.08361643,32.67554342,39.97556887,38.5291602,41.62495422,64.63458129,69.29014961,,
Libya,LBY,Current health expenditure per capita (current US$),SH.XPD.CHEX.PC.CD,,,,,,,,,,,,,,,,,,,,,,,,,,,,,,,,,,,,,,,,,244.7727934,254.0350855,181.1029732,189.8436998,201.9602587,212.2737453,234.9673675,275.6831191,321.4465266,355.6595715,400.5117737,312.5911035,,,,,,
St. Lucia,LCA,Current health expenditure per capita (current US$),SH.XPD.CHEX.PC.CD,,,,,,,,,,,,,,,,,,,,,,,,,,,,,,,,,,,,,,,,,245.8988007,249.6015238,257.8816086,276.7449058,301.569244,318.9181993,346.2968422,412.3576362,424.7669339,425.0320476,476.5082038,505.9143212,516.196376,544.7315423,454.2952395,481.6262863,,
Latin America & Caribbean,LCN,Current health expenditure per capita (current US$),SH.XPD.CHEX.PC.CD,,,,,,,,,,,,,,,,,,,,,,,,,,,,,,,,,,,,,,,,,257.7578121,251.6195008,224.4475735,237.8235153,269.6976795,323.6822355,378.5969358,449.1730916,515.2460112,512.784707,609.8230382,677.9836282,673.0288466,694.4814331,707.5474203,636.4960603,,
Least developed countries: UN classification,LDC,Current health expenditure per capita (current US$),SH.XPD.CHEX.PC.CD,,,,,,,,,,,,,,,,,,,,,,,,,,,,,,,,,,,,,,,,,11.93521484,11.89237299,12.84135323,14.87499614,17.58173107,19.80360234,23.2056613,27.59443317,32.12820883,32.97834995,34.63170375,37.61768739,38.06636746,41.49154804,45.33828109,44.79464946,,
Low income,LIC,Current health expenditure per capita (current US$),SH.XPD.CHEX.PC.CD,,,,,,,,,,,,,,,,,,,,,,,,,,,,,,,,,,,,,,,,,14.5043046,13.89310319,14.67331078,16.6016054,18.90586481,20.8543848,23.6339282,27.35011062,31.15241542,31.80847236,35.11871555,35.41933348,36.08697311,36.44311381,39.48073326,37.23332301,,
Liechtenstein,LIE,Current health expenditure per capita (current US$),SH.XPD.CHEX.PC.CD,,,,,,,,,,,,,,,,,,,,,,,,,,,,,,,,,,,,,,,,,,,,,,,,,,,,,,,,,,
Sri Lanka,LKA,Current health expenditure per capita (current US$),SH.XPD.CHEX.PC.CD,,,,,,,,,,,,,,,,,,,,,,,,,,,,,,,,,,,,,,,,,35.97570468,33.86191197,35.27444705,35.93556236,41.86389813,47.25634695,53.59468118,59.43868076,72.42592243,77.50253497,83.44040315,94.72251841,87.30595932,100.3929517,109.8278267,117.8673949,,
Lower middle income,LMC,Current health expenditure per capita (current US$),SH.XPD.CHEX.PC.CD,,,,,,,,,,,,,,,,,,,,,,,,,,,,,,,,,,,,,,,,,21.67934874,22.58744433,23.2755833,26.74352485,30.04283295,35.08464381,40.63517354,48.54448659,54.20721172,54.00120202,63.87452116,70.26646527,74.16962704,80.44416751,80.80830076,81.70691157,,
Low & middle income,LMY,Current health expenditure per capita (current US$),SH.XPD.CHEX.PC.CD,,,,,,,,,,,,,,,,,,,,,,,,,,,,,,,,,,,,,,,,,55.97645552,56.83476588,59.23722653,66.3096346,76.68177559,90.05523417,104.8235337,126.6786421,151.7959748,155.2423306,178.5911655,205.4481316,217.7354657,232.0117519,240.0459127,233.5078593,,
Lesotho,LSO,Current health expenditure per capita (current US$),SH.XPD.CHEX.PC.CD,,,,,,,,,,,,,,,,,,,,,,,,,,,,,,,,,,,,,,,,,28.54430168,28.20800176,23.83827213,35.66432994,44.32208444,44.19095309,51.72047224,68.2398431,72.1477566,82.77605893,79.71178656,102.6065074,102.5276555,98.43654719,103.0381047,90.85011948,,
Late-demographic dividend,LTE,Current health expenditure per capita (current US$),SH.XPD.CHEX.PC.CD,,,,,,,,,,,,,,,,,,,,,,,,,,,,,,,,,,,,,,,,,88.18841632,89.65148825,95.8644909,107.2460616,125.6823415,150.5694477,179.5620447,223.1052275,282.437123,293.0251078,333.1216781,395.9631558,425.230294,462.040916,486.2251094,468.7315985,,
Lithuania,LTU,Current health expenditure per capita (current US$),SH.XPD.CHEX.PC.CD,,,,,,,,,,,,,,,,,,,,,,,,,,,,,,,,,,,,,,,,,204.3920571,212.2677481,256.5820635,342.4770154,366.8950001,438.5818673,536.164919,704.1667527,936.6004426,864.7145905,805.0558934,925.1071809,897.0225817,959.1506169,1018.934078,923.2748202,,
Luxembourg,LUX,Current health expenditure per capita (current US$),SH.XPD.CHEX.PC.CD,,,,,,,,,,,,,,,,,,,,,,,,,,,,,,,,,,,,,,,,,2894.010934,3106.138853,3583.469812,4596.061031,5601.100906,5817.070683,6066.416322,6661.916205,7547.580848,7639.637271,7451.574721,7165.353721,7096.703518,7535.91273,7557.224133,6236.000838,,
Latvia,LVA,Current health expenditure per capita (current US$),SH.XPD.CHEX.PC.CD,,,,,,,,,,,,,,,,,,,,,,,,,,,,,,,,,,,,,,,,,258.7779227,292.8924712,339.723404,402.7044461,565.299112,632.9511231,794.2268418,1155.043278,1308.029756,1058.615997,972.9041483,1074.69537,1068.935393,1151.032738,1224.83122,783.8456574,,
"Macao SAR, China",MAC,Current health expenditure per capita (current US$),SH.XPD.CHEX.PC.CD,,,,,,,,,,,,,,,,,,,,,,,,,,,,,,,,,,,,,,,,,,,,,,,,,,,,,,,,,,
St. Martin (French part),MAF,Current health expenditure per capita (current US$),SH.XPD.CHEX.PC.CD,,,,,,,,,,,,,,,,,,,,,,,,,,,,,,,,,,,,,,,,,,,,,,,,,,,,,,,,,,
Morocco,MAR,Current health expenditure per capita (current US$),SH.XPD.CHEX.PC.CD,,,,,,,,,,,,,,,,,,,,,,,,,,,,,,,,,,,,,,,,,53.58208131,55.84341273,63.39969074,79.44081001,93.43574485,97.32471002,109.8731647,137.2692706,155.243204,169.6273039,168.6640117,176.8651459,169.4891687,178.3749983,181.3844393,159.7730251,,
Monaco,MCO,Current health expenditure per capita (current US$),SH.XPD.CHEX.PC.CD,,,,,,,,,,,,,,,,,,,,,,,,,,,,,,,,,,,,,,,,,1410.947156,1436.012458,1569.309572,2229.672749,2585.013581,2632.587495,2690.291181,2989.08276,3476.536249,3397.767745,3369.752913,3533.554597,3397.885345,3711.653929,3865.56881,3315.816901,,
Moldova,MDA,Current health expenditure per capita (current US$),SH.XPD.CHEX.PC.CD,,,,,,,,,,,,,,,,,,,,,,,,,,,,,,,,,,,,,,,,,20.54646872,24.86751113,32.53888306,38.43967217,64.61060005,79.33216574,100.1083965,135.4303741,186.4076865,208.5350175,198.2740063,215.0045539,223.6318907,231.6602652,230.7667917,186.4347609,,
Madagascar,MDG,Current health expenditure per capita (current US$),SH.XPD.CHEX.PC.CD,,,,,,,,,,,,,,,,,,,,,,,,,,,,,,,,,,,,,,,,,13.14799085,15.9796437,15.40772492,15.20235645,13.53659308,15.14689405,16.38048182,19.94551215,21.78643476,21.12965292,22.15276623,22.75482694,16.8744002,18.63516343,22.07173841,21.0450533,,
Maldives,MDV,Current health expenditure per capita (current US$),SH.XPD.CHEX.PC.CD,,,,,,,,,,,,,,,,,,,,,,,,,,,,,,,,,,,,,,,,,163.7321244,222.66279,218.398198,221.3238214,289.6713,308.8188919,361.6017426,463.4825052,707.6711548,645.1841287,593.7822376,663.6121507,550.5896147,772.5930957,988.5433498,943.9436734,,
Middle East & North Africa,MEA,Current health expenditure per capita (current US$),SH.XPD.CHEX.PC.CD,,,,,,,,,,,,,,,,,,,,,,,,,,,,,,,,,,,,,,,,,146.4787478,153.5054867,152.2228721,149.6356006,164.69713,183.7986834,205.413123,239.8379623,283.5738207,314.1028094,336.3289272,386.3335947,407.9068533,424.3732198,447.5231717,415.780809,,
Mexico,MEX,Current health expenditure per capita (current US$),SH.XPD.CHEX.PC.CD,,,,,,,,,,,,,,,,,,,,,,,,,,,,,,,,,,,,,,,,,309.6332636,353.903415,375.242382,401.454563,435.2888586,472.1081183,501.0375703,542.7859539,556.534658,477.6488505,538.7447669,565.1291916,580.7484071,617.8746982,593.3984484,534.8109296,,
Marshall Islands,MHL,Current health expenditure per capita (current US$),SH.XPD.CHEX.PC.CD,,,,,,,,,,,,,,,,,,,,,,,,,,,,,,,,,,,,,,,,,535.2504074,472.1640189,456.8031941,463.3636887,545.3914045,696.9285563,758.1255617,661.2049025,637.1614577,611.1770069,607.4715689,627.6458072,657.2114578,703.6904893,650.0903248,747.0239461,,
Middle income,MIC,Current health expenditure per capita (current US$),SH.XPD.CHEX.PC.CD,,,,,,,,,,,,,,,,,,,,,,,,,,,,,,,,,,,,,,,,,59.61316006,60.65643133,63.47530054,71.08953509,82.33094862,96.93579506,113.0336055,136.8953654,164.415816,168.3671565,194.4864304,224.5730065,238.8716824,254.3680817,263.352761,256.6914942,,
"Macedonia, FYR",MKD,Current health expenditure per capita (current US$),SH.XPD.CHEX.PC.CD,,,,,,,,,,,,,,,,,,,,,,,,,,,,,,,,,,,,,,,,,71.56326664,66.92033289,168.4870547,221.7905337,239.4653811,242.5549487,257.8303952,278.672487,333.0547478,314.0780602,316.3332528,332.5489714,295.8216358,321.8545594,335.147174,295.4222464,,
Mali,MLI,Current health expenditure per capita (current US$),SH.XPD.CHEX.PC.CD,,,,,,,,,,,,,,,,,,,,,,,,,,,,,,,,,,,,,,,,,13.74384831,13.16881906,14.54822978,18.18686912,22.90190834,24.32687919,27.40260076,31.26333834,33.14415863,32.73189198,31.3685016,34.24137183,34.22156377,42.195893,47.85089271,42.29922694,,
Malta,MLT,Current health expenditure per capita (current US$),SH.XPD.CHEX.PC.CD,,,,,,,,,,,,,,,,,,,,,,,,,,,,,,,,,,,,,,,,,641.2171517,682.3468595,831.3847407,1075.224429,1223.566861,1381.287174,1475.697008,1595.859935,1751.918711,1677.430026,1733.070044,1960.546188,1899.419942,2128.563951,2487.21064,2304.179816,,
Myanmar,MMR,Current health expenditure per capita (current US$),SH.XPD.CHEX.PC.CD,,,,,,,,,,,,,,,,,,,,,,,,,,,,,,,,,,,,,,,,,3.34035186,3.39619731,5.19882728,4.71231535,4.78631374,5.18754293,5.63223284,7.04213195,10.44496719,13.65033943,15.33668661,19.31740944,23.28002468,23.85394437,62.39306517,59.12304205,,
Middle East & North Africa (excluding high income),MNA,Current health expenditure per capita (current US$),SH.XPD.CHEX.PC.CD,,,,,,,,,,,,,,,,,,,,,,,,,,,,,,,,,,,,,,,,,79.56777903,84.47307213,85.67696528,83.57977277,95.99237314,107.3299166,120.416872,147.0605274,179.3528207,203.369615,223.6278737,253.3593014,262.2956224,250.2804336,249.3256048,229.4228132,,
Montenegro,MNE,Current health expenditure per capita (current US$),SH.XPD.CHEX.PC.CD,,,,,,,,,,,,,,,,,,,,,,,,,,,,,,,,,,,,,,,,,107.9603536,143.5301952,160.3183415,231.5722403,266.3687776,281.8937156,315.874616,390.9024426,448.8921196,367.7211903,388.1889854,423.2746832,400.7708325,430.4156961,430.0247998,382.0842137,,
Mongolia,MNG,Current health expenditure per capita (current US$),SH.XPD.CHEX.PC.CD,,,,,,,,,,,,,,,,,,,,,,,,,,,,,,,,,,,,,,,,,27.46350157,26.46109972,29.17061595,28.67744307,34.0098795,42.21724069,46.7931678,63.7294158,89.3875482,71.31293501,96.02804535,129.477965,160.9285044,175.441697,160.0328782,152.4573849,,
Northern Mariana Islands,MNP,Current health expenditure per capita (current US$),SH.XPD.CHEX.PC.CD,,,,,,,,,,,,,,,,,,,,,,,,,,,,,,,,,,,,,,,,,,,,,,,,,,,,,,,,,,
Mozambique,MOZ,Current health expenditure per capita (current US$),SH.XPD.CHEX.PC.CD,,,,,,,,,,,,,,,,,,,,,,,,,,,,,,,,,,,,,,,,,9.88546714,10.56328603,10.11826368,14.91689654,16.7583439,23.37596691,23.34869704,22.93753562,23.21998061,23.01493027,21.45723117,23.35510693,30.60811274,28.46995455,34.44261128,28.29781169,,
Mauritania,MRT,Current health expenditure per capita (current US$),SH.XPD.CHEX.PC.CD,,,,,,,,,,,,,,,,,,,,,,,,,,,,,,,,,,,,,,,,,21.30858281,21.50127005,23.90957684,27.03731888,28.6273905,31.16226891,32.05526531,36.77570714,44.9058105,40.80838357,40.07497643,44.00233895,45.67228084,51.85372274,55.47625433,53.61152863,,
Mauritius,MUS,Current health expenditure per capita (current US$),SH.XPD.CHEX.PC.CD,,,,,,,,,,,,,,,,,,,,,,,,,,,,,,,,,,,,,,,,,118.9770567,119.4685359,135.9414303,162.0018681,189.9287977,197.6750501,209.1470079,235.8463658,321.8082402,310.1473948,367.1208018,396.6302263,398.1590659,443.7414778,538.5664793,506.0765242,,
Malawi,MWI,Current health expenditure per capita (current US$),SH.XPD.CHEX.PC.CD,,,,,,,,,,,,,,,,,,,,,,,,,,,,,,,,,,,,,,,,,6.67100979,5.43338742,11.28770319,12.16074242,15.72345911,16.97631346,20.59085392,24.54329393,32.05834745,34.79434998,33.22835282,38.38077056,31.75400262,38.54927575,34.41162976,34.22346802,,
Malaysia,MYS,Current health expenditure per capita (current US$),SH.XPD.CHEX.PC.CD,,,,,,,,,,,,,,,,,,,,,,,,,,,,,,,,,,,,,,,,,105.765963,112.7144476,122.0480583,144.7215714,158.8815026,169.0993572,209.9918711,244.8963661,272.5797556,259.071191,302.0110645,361.538638,391.2721437,399.7453584,435.0585941,385.6203588,,
North America,NAC,Current health expenditure per capita (current US$),SH.XPD.CHEX.PC.CD,,,,,,,,,,,,,,,,,,,,,,,,,,,,,,,,,,,,,,,,,4309.873627,4631.6077,5017.477002,5425.149378,5787.442066,6140.630215,6514.469943,6876.278025,7121.373127,7360.025833,7656.5008,7876.126322,8124.713938,8299.712301,8655.106598,9031.058864,,
Namibia,NAM,Current health expenditure per capita (current US$),SH.XPD.CHEX.PC.CD,,,,,,,,,,,,,,,,,,,,,,,,,,,,,,,,,,,,,,,,,207.4561125,187.7101288,177.3461131,275.2395105,361.9694733,443.1495809,471.0318007,459.3360231,397.0371377,340.9681815,491.5041103,544.1533897,528.3331931,474.036438,442.4414354,423.0704522,,
New Caledonia,NCL,Current health expenditure per capita (current US$),SH.XPD.CHEX.PC.CD,,,,,,,,,,,,,,,,,,,,,,,,,,,,,,,,,,,,,,,,,,,,,,,,,,,,,,,,,,
Niger,NER,Current health expenditure per capita (current US$),SH.XPD.CHEX.PC.CD,,,,,,,,,,,,,,,,,,,,,,,,,,,,,,,,,,,,,,,,,8.58491322,9.41268548,10.48879984,12.02276116,14.02532633,17.77231036,19.24364384,20.4396103,23.82330835,23.26017372,21.75313433,24.23289025,23.50533974,25.3403301,25.21038814,25.72284735,,
Nigeria,NGA,Current health expenditure per capita (current US$),SH.XPD.CHEX.PC.CD,,,,,,,,,,,,,,,,,,,,,,,,,,,,,,,,,,,,,,,,,14.62143591,15.5051321,15.65516931,34.73341285,38.60641656,46.56397869,61.93491616,67.84039782,81.43559997,67.91492142,76.07782636,83.93624495,91.6303815,101.7686886,107.3112984,97.30686106,,
Nicaragua,NIC,Current health expenditure per capita (current US$),SH.XPD.CHEX.PC.CD,,,,,,,,,,,,,,,,,,,,,,,,,,,,,,,,,,,,,,,,,53.0108334,53.90678043,54.01645431,49.23512294,58.70445771,64.79385599,70.41860982,87.29951246,100.2701786,105.2641581,99.14140548,119.1203775,133.1918223,134.6307266,149.2802823,162.9251172,,
Netherlands,NLD,Current health expenditure per capita (current US$),SH.XPD.CHEX.PC.CD,,,,,,,,,,,,,,,,,,,,,,,,,,,,,,,,,,,,,,,,,1836.196306,1985.478759,2298.526451,2986.655764,3409.730686,3857.731373,4084.576919,4739.784262,5427.698856,5326.710194,5249.393482,5645.347932,5402.497547,5628.606942,5675.55011,4746.013989,,
Norway,NOR,Current health expenditure per capita (current US$),SH.XPD.CHEX.PC.CD,,,,,,,,,,,,,,,,,,,,,,,,,,,,,,,,,,,,,,,,,2948.931536,3099.003569,3889.959391,4632.568491,5097.343996,5584.689421,5892.987366,6895.560521,7768.050079,7301.959903,7859.516365,8900.371875,8970.119648,9241.264871,9118.316771,7464.118016,,
Nepal,NPL,Current health expenditure per capita (current US$),SH.XPD.CHEX.PC.CD,,,,,,,,,,,,,,,,,,,,,,,,,,,,,,,,,,,,,,,,,8.62558028,10.81640277,10.93749516,11.52688193,13.28582893,14.51614585,14.00998487,17.51404534,19.23009454,21.20324868,29.9717974,34.319381,33.50667901,36.99805929,41.38941043,44.4173729,,
Nauru,NRU,Current health expenditure per capita (current US$),SH.XPD.CHEX.PC.CD,,,,,,,,,,,,,,,,,,,,,,,,,,,,,,,,,,,,,,,,,292.0298791,270.3754689,294.3598339,343.6337646,317.0329623,326.8072722,361.8107371,605.1443882,815.2750763,562.5160815,664.6137363,693.8502258,857.795669,688.8059911,907.2903165,812.0281534,,
New Zealand,NZL,Current health expenditure per capita (current US$),SH.XPD.CHEX.PC.CD,,,,,,,,,,,,,,,,,,,,,,,,,,,,,,,,,,,,,,,,,1053.891655,1049.376129,1246.313495,1610.937628,1983.658826,2295.178203,2301.87603,2699.345759,2848.019973,2714.046971,3239.851469,3646.617299,3825.138244,3967.183188,4132.392228,3553.628841,,
OECD members,OED,Current health expenditure per capita (current US$),SH.XPD.CHEX.PC.CD,,,,,,,,,,,,,,,,,,,,,,,,,,,,,,,,,,,,,,,,,2204.589967,2285.002909,2468.721828,2803.859125,3086.955604,3261.502353,3426.761971,3718.210278,3979.628953,4031.450658,4174.366448,4473.941008,4486.163198,4549.722009,4668.092961,4519.150449,,
Oman,OMN,Current health expenditure per capita (current US$),SH.XPD.CHEX.PC.CD,,,,,,,,,,,,,,,,,,,,,,,,,,,,,,,,,,,,,,,,,263.5154487,261.3363053,274.4469575,287.7733698,301.4245253,320.2098848,332.9471796,383.4000993,444.1979473,475.0041103,529.0764244,535.3108763,564.4051706,592.5321009,721.9329557,636.4792381,,
Other small states,OSS,Current health expenditure per capita (current US$),SH.XPD.CHEX.PC.CD,,,,,,,,,,,,,,,,,,,,,,,,,,,,,,,,,,,,,,,,,220.6816658,221.0180024,226.6997773,303.0819361,351.7778977,385.334317,411.888327,469.6614723,512.1277404,488.1704697,500.3771623,555.4432146,566.6860991,603.4026011,647.6161587,605.8266223,,
Pakistan,PAK,Current health expenditure per capita (current US$),SH.XPD.CHEX.PC.CD,,,,,,,,,,,,,,,,,,,,,,,,,,,,,,,,,,,,,,,,,15.88665574,13.75494595,14.97801017,14.97816878,16.24467407,20.70999194,26.09496126,29.77554022,26.98818286,25.32489896,26.5686252,28.64483945,28.46501237,31.55068096,36.52147697,37.99237688,,
Panama,PAN,Current health expenditure per capita (current US$),SH.XPD.CHEX.PC.CD,,,,,,,,,,,,,,,,,,,,,,,,,,,,,,,,,,,,,,,,,285.7429125,281.305397,292.3398766,287.9050533,326.3393406,304.6506414,350.4006724,401.3758888,456.6416806,480.6764885,526.8034974,558.5771424,647.3880009,770.8540684,861.8195888,920.5865363,,
Peru,PER,Current health expenditure per capita (current US$),SH.XPD.CHEX.PC.CD,,,,,,,,,,,,,,,,,,,,,,,,,,,,,,,,,,,,,,,,,90.2237687,97.60201032,106.1733943,112.2293938,117.2186461,123.5443754,141.7040978,158.7488973,188.6062133,206.7767353,238.6962984,264.8194367,303.3497593,318.6886055,331.8674472,322.9602489,,
Philippines,PHL,Current health expenditure per capita (current US$),SH.XPD.CHEX.PC.CD,,,,,,,,,,,,,,,,,,,,,,,,,,,,,,,,,,,,,,,,,32.77552401,28.21158658,27.33492368,32.25115397,34.1830782,46.59819482,54.91727995,65.56161098,77.3146319,79.46683989,91.84031697,98.94901729,112.9456086,123.2141342,119.1937203,126.8949105,,
Palau,PLW,Current health expenditure per capita (current US$),SH.XPD.CHEX.PC.CD,,,,,,,,,,,,,,,,,,,,,,,,,,,,,,,,,,,,,,,,,735.2195098,671.3734849,701.3761316,705.2000051,888.7579024,868.2850548,912.8586898,955.4980513,924.8858414,932.2166208,1037.799668,1013.560775,1182.9529,1292.215684,1402.13528,1420.205294,,
Papua New Guinea,PNG,Current health expenditure per capita (current US$),SH.XPD.CHEX.PC.CD,,,,,,,,,,,,,,,,,,,,,,,,,,,,,,,,,,,,,,,,,19.03031986,16.96716506,17.6524428,22.4001284,26.43141258,28.4604264,31.32672412,34.86532007,36.71631442,38.95797768,42.25284029,56.75515326,76.1627761,98.97123206,97.55258656,77.34963166,,
Poland,POL,Current health expenditure per capita (current US$),SH.XPD.CHEX.PC.CD,,,,,,,,,,,,,,,,,,,,,,,,,,,,,,,,,,,,,,,,,238.0044864,282.8210423,315.8314514,339.3352202,392.0055255,465.7015557,524.0967581,660.9233735,892.59306,759.6093029,809.1963297,866.0971191,815.1378314,878.0893627,896.0129455,796.7381856,,
Pre-demographic dividend,PRE,Current health expenditure per capita (current US$),SH.XPD.CHEX.PC.CD,,,,,,,,,,,,,,,,,,,,,,,,,,,,,,,,,,,,,,,,,16.21455914,16.16845892,16.93868293,23.88971168,28.80376718,32.86700363,40.26292009,47.8364977,56.41296304,54.53100319,56.63208909,60.78079629,62.79910502,69.25320857,71.25695946,66.04286024,,
Puerto Rico,PRI,Current health expenditure per capita (current US$),SH.XPD.CHEX.PC.CD,,,,,,,,,,,,,,,,,,,,,,,,,,,,,,,,,,,,,,,,,,,,,,,,,,,,,,,,,,
"Korea, Dem. Peoples Rep.",PRK,Current health expenditure per capita (current US$),SH.XPD.CHEX.PC.CD,,,,,,,,,,,,,,,,,,,,,,,,,,,,,,,,,,,,,,,,,,,,,,,,,,,,,,,,,,
Portugal,PRT,Current health expenditure per capita (current US$),SH.XPD.CHEX.PC.CD,,,,,,,,,,,,,,,,,,,,,,,,,,,,,,,,,,,,,,,,,967.1439309,988.7559862,1105.169549,1405.871123,1679.228313,1773.479226,1812.602376,2067.124077,2322.031698,2279.470963,2213.097918,2207.695657,1918.599233,1959.424664,1986.894638,1721.707318,,
Paraguay,PRY,Current health expenditure per capita (current US$),SH.XPD.CHEX.PC.CD,,,,,,,,,,,,,,,,,,,,,,,,,,,,,,,,,,,,,,,,,88.95467577,77.75455174,53.70084429,57.9330484,70.33352867,75.07374267,96.02538039,124.3344387,168.0372352,161.3183903,200.9926607,268.358276,293.7500714,312.2220058,359.3796212,321.3438136,,
West Bank and Gaza,PSE,Current health expenditure per capita (current US$),SH.XPD.CHEX.PC.CD,,,,,,,,,,,,,,,,,,,,,,,,,,,,,,,,,,,,,,,,,,,,,,,,,,,,,,,,,,
Pacific island small states,PSS,Current health expenditure per capita (current US$),SH.XPD.CHEX.PC.CD,,,,,,,,,,,,,,,,,,,,,,,,,,,,,,,,,,,,,,,,,92.27334928,91.06715339,92.02987902,101.3703387,124.0466074,141.3340475,147.2694465,154.6795943,160.2027526,151.3782373,161.0870185,177.4607125,197.2735949,203.4753306,214.553618,202.0253753,,
Post-demographic dividend,PST,Current health expenditure per capita (current US$),SH.XPD.CHEX.PC.CD,,,,,,,,,,,,,,,,,,,,,,,,,,,,,,,,,,,,,,,,,2483.643519,2577.929018,2790.878169,3177.066507,3499.727447,3697.098482,3887.231114,4215.208034,4511.279252,4596.915789,4762.14247,5120.212608,5147.148334,5219.986011,5369.66734,5219.293506,,
French Polynesia,PYF,Current health expenditure per capita (current US$),SH.XPD.CHEX.PC.CD,,,,,,,,,,,,,,,,,,,,,,,,,,,,,,,,,,,,,,,,,,,,,,,,,,,,,,,,,,
Qatar,QAT,Current health expenditure per capita (current US$),SH.XPD.CHEX.PC.CD,,,,,,,,,,,,,,,,,,,,,,,,,,,,,,,,,,,,,,,,,602.3202397,657.9791835,736.7611567,1206.324305,1285.689261,1322.784799,1327.681595,1322.241802,1327.579087,1321.488705,1257.945977,1375.136476,1548.309292,1833.36306,2104.407228,2029.5418,,
Romania,ROU,Current health expenditure per capita (current US$),SH.XPD.CHEX.PC.CD,,,,,,,,,,,,,,,,,,,,,,,,,,,,,,,,,,,,,,,,,69.89345826,78.81753285,96.57700092,143.5441471,190.7893597,254.5296154,291.0040855,415.0718076,521.3233182,449.3688741,472.1935725,426.6646651,401.7284229,495.3713094,503.4609898,442.3695746,,
Russian Federation,RUS,Current health expenditure per capita (current US$),SH.XPD.CHEX.PC.CD,,,,,,,,,,,,,,,,,,,,,,,,,,,,,,,,,,,,,,,,,95.41753155,118.122331,140.7755781,164.6775458,209.2494324,271.9867213,352.7495219,461.8795235,609.8651294,516.6986306,567.3776823,684.7525909,760.0706477,811.1694308,742.2849645,523.7749402,,
Rwanda,RWA,Current health expenditure per capita (current US$),SH.XPD.CHEX.PC.CD,,,,,,,,,,,,,,,,,,,,,,,,,,,,,,,,,,,,,,,,,10.01753745,8.82174622,8.63097283,16.11886227,17.48159642,21.47000137,31.05611425,38.35902113,47.31350709,51.30129532,55.00867604,58.42114233,60.04236447,56.7600488,59.30431056,56.65848825,,
South Asia,SAS,Current health expenditure per capita (current US$),SH.XPD.CHEX.PC.CD,,,,,,,,,,,,,,,,,,,,,,,,,,,,,,,,,,,,,,,,,17.40699152,18.18868538,18.71904688,20.17884932,22.88319401,25.5084875,27.71320257,33.26454784,35.01279734,35.49648597,41.31670571,44.66448838,44.81953476,51.15736186,52.97016445,58.16543875,,
Saudi Arabia,SAU,Current health expenditure per capita (current US$),SH.XPD.CHEX.PC.CD,,,,,,,,,,,,,,,,,,,,,,,,,,,,,,,,,,,,,,,,,384.3902943,385.6501445,367.7966487,380.6986258,399.2155171,469.7215288,544.3272171,574.4552557,575.1255649,657.6876243,670.9624952,859.5503509,991.6676743,1091.317588,1248.805293,1194.100455,,
Sudan,SDN,Current health expenditure per capita (current US$),SH.XPD.CHEX.PC.CD,,,,,,,,,,,,,,,,,,,,,,,,,,,,,,,,,,,,,,,,,16.87000842,18.35760902,20.24159502,27.36937914,35.52017829,45.02787009,67.40031424,100.0626812,102.0011587,105.652647,103.8532722,116.1135007,95.3208582,117.7356218,110.8097538,151.7872285,,
Senegal,SEN,Current health expenditure per capita (current US$),SH.XPD.CHEX.PC.CD,,,,,,,,,,,,,,,,,,,,,,,,,,,,,,,,,,,,,,,,,21.93803455,23.96166904,25.99245254,34.67810094,41.0652799,35.6521177,37.56557057,39.03761129,47.0301365,42.46641606,40.13842343,42.68439656,39.6913484,40.74475539,41.97709433,36.07884461,,
Singapore,SGP,Current health expenditure per capita (current US$),SH.XPD.CHEX.PC.CD,,,,,,,,,,,,,,,,,,,,,,,,,,,,,,,,,,,,,,,,,820.6982388,706.734387,752.2897551,828.8669032,829.2339014,863.3361978,945.7785231,1084.877308,1275.14338,1318.533311,1503.009588,1690.559857,1848.340226,2099.577787,2221.249508,2280.284125,,
Solomon Islands,SLB,Current health expenditure per capita (current US$),SH.XPD.CHEX.PC.CD,,,,,,,,,,,,,,,,,,,,,,,,,,,,,,,,,,,,,,,,,53.85307269,80.68298091,65.04409463,55.80990854,67.14828998,92.69828855,88.9329065,90.82667283,97.34061963,91.48137537,93.66685003,123.7440071,172.622232,134.7556319,167.9013754,152.1290973,,
Sierra Leone,SLE,Current health expenditure per capita (current US$),SH.XPD.CHEX.PC.CD,,,,,,,,,,,,,,,,,,,,,,,,,,,,,,,,,,,,,,,,,13.78268354,22.1647827,25.19765624,25.50127249,26.14353507,28.52398876,29.62984986,31.76797,37.08767317,38.461546,36.81582327,46.97352257,50.02790206,82.22550533,139.7573331,106.685905,,
El Salvador,SLV,Current health expenditure per capita (current US$),SH.XPD.CHEX.PC.CD,,,,,,,,,,,,,,,,,,,,,,,,,,,,,,,,,,,,,,,,,178.7946267,182.9388675,184.7919206,184.203894,192.0485271,203.8046025,204.4538096,208.7145916,217.9434368,229.9554395,240.2416627,254.3471521,256.6045451,269.5392909,271.0983542,283.1566304,,
San Marino,SMR,Current health expenditure per capita (current US$),SH.XPD.CHEX.PC.CD,,,,,,,,,,,,,,,,,,,,,,,,,,,,,,,,,,,,,,,,,2065.547747,2094.465206,2135.878061,2379.227765,2808.734797,2719.697795,3056.635103,3758.238894,4305.53441,4177.075977,3973.859423,4267.079697,4009.5043,4024.389675,3881.497191,3243.080831,,
Somalia,SOM,Current health expenditure per capita (current US$),SH.XPD.CHEX.PC.CD,,,,,,,,,,,,,,,,,,,,,,,,,,,,,,,,,,,,,,,,,,,,,,,,,,,,,,,,,,
Serbia,SRB,Current health expenditure per capita (current US$),SH.XPD.CHEX.PC.CD,,,,,,,,,,,,,,,,,,,,,,,,,,,,,,,,,,,,,,,,,65.2005478,110.9661735,173.2741931,230.1071891,274.4285756,307.5655819,371.5573891,547.1905854,672.9473608,575.8746981,545.3567864,619.1719018,559.8135582,627.533324,608.8587101,491.2518643,,
Sub-Saharan Africa (excluding high income),SSA,Current health expenditure per capita (current US$),SH.XPD.CHEX.PC.CD,,,,,,,,,,,,,,,,,,,,,,,,,,,,,,,,,,,,,,,,,31.41160071,29.38354384,27.81469512,39.96055109,48.13109794,54.02891031,60.81028507,67.72777395,73.04220515,72.20509043,83.10884506,89.37048023,88.93056167,90.19272647,90.45977513,84.83958451,,
South Sudan,SSD,Current health expenditure per capita (current US$),SH.XPD.CHEX.PC.CD,,,,,,,,,,,,,,,,,,,,,,,,,,,,,,,,,,,,,,,,,,,,,,,,,,,,,24.71572236,26.31796339,29.32940288,28.04670336,,
Sub-Saharan Africa,SSF,Current health expenditure per capita (current US$),SH.XPD.CHEX.PC.CD,,,,,,,,,,,,,,,,,,,,,,,,,,,,,,,,,,,,,,,,,31.45173112,29.42115484,27.85426819,40.00157466,48.17298391,54.06871307,60.85034936,67.76118415,73.06432313,72.22283025,83.14004094,89.40048499,88.97084453,90.23166718,90.49760163,84.87791324,,
Small states,SST,Current health expenditure per capita (current US$),SH.XPD.CHEX.PC.CD,,,,,,,,,,,,,,,,,,,,,,,,,,,,,,,,,,,,,,,,,218.2967022,218.3782283,226.3864274,286.2565025,329.5065699,362.2774197,388.7156605,443.4474753,486.5680928,465.8390658,476.0762453,525.4640589,540.0731952,572.6330193,605.9342024,578.7822372,,
Sao Tome and Principe,STP,Current health expenditure per capita (current US$),SH.XPD.CHEX.PC.CD,,,,,,,,,,,,,,,,,,,,,,,,,,,,,,,,,,,,,,,,,53.91163742,68.30825188,67.26566832,89.55364368,83.67854662,96.0275374,58.80922672,58.36931299,55.35959762,80.69155591,59.55095856,73.18517071,105.2868544,146.9832913,161.9924652,159.905536,,
Suriname,SUR,Current health expenditure per capita (current US$),SH.XPD.CHEX.PC.CD,,,,,,,,,,,,,,,,,,,,,,,,,,,,,,,,,,,,,,,,,168.8199056,118.8919521,188.7503828,209.2935285,241.4909874,277.6672397,328.3951383,320.3822344,394.6140879,430.3859414,450.4289859,465.9602736,529.934693,539.0507028,553.2153637,577.4951237,,
Slovak Republic,SVK,Current health expenditure per capita (current US$),SH.XPD.CHEX.PC.CD,,,,,,,,,,,,,,,,,,,,,,,,,,,,,,,,,,,,,,,,,203.5062699,212.2267042,254.1276604,344.4733461,519.3569377,601.3131897,729.0132737,1029.300341,1251.677228,1314.802285,1295.278933,1350.66922,1319.512897,1370.078237,1287.632737,1108.431734,,
Slovenia,SVN,Current health expenditure per capita (current US$),SH.XPD.CHEX.PC.CD,,,,,,,,,,,,,,,,,,,,,,,,,,,,,,,,,,,,,,,,,796.6470575,826.2257588,944.8714103,1203.063595,1368.648545,1449.189275,1541.664362,1793.575896,2170.666701,2116.540007,2008.201571,2136.531538,1964.005426,2028.330527,2052.639518,1771.553881,,
Sweden,SWE,Current health expenditure per capita (current US$),SH.XPD.CHEX.PC.CD,,,,,,,,,,,,,,,,,,,,,,,,,,,,,,,,,,,,,,,,,2173.193876,2169.957498,2477.208018,3134.474261,3513.293484,3573.54538,3788.660963,4321.837137,4652.809531,4151.798555,4437.118939,6386.692672,6273.509614,6723.074428,6628.45896,5600.104823,,
Eswatini,SWZ,Current health expenditure per capita (current US$),SH.XPD.CHEX.PC.CD,,,,,,,,,,,,,,,,,,,,,,,,,,,,,,,,,,,,,,,,,75.47778697,65.65208143,60.78676638,102.4964711,132.7129104,164.9755566,178.2142032,185.2231487,200.8081585,209.5259708,313.2131367,330.4355866,284.3286151,264.5405386,252.5343823,232.7153477,,
Sint Maarten (Dutch part),SXM,Current health expenditure per capita (current US$),SH.XPD.CHEX.PC.CD,,,,,,,,,,,,,,,,,,,,,,,,,,,,,,,,,,,,,,,,,,,,,,,,,,,,,,,,,,
Seychelles,SYC,Current health expenditure per capita (current US$),SH.XPD.CHEX.PC.CD,,,,,,,,,,,,,,,,,,,,,,,,,,,,,,,,,,,,,,,,,349.3224697,335.0740034,348.1871341,384.9591167,411.307055,406.921484,418.2278785,372.4028552,275.7084503,238.5860894,380.4055072,391.0399297,506.0133396,496.965042,490.2197298,491.8218158,,
Syrian Arab Republic,SYR,Current health expenditure per capita (current US$),SH.XPD.CHEX.PC.CD,,,,,,,,,,,,,,,,,,,,,,,,,,,,,,,,,,,,,,,,,54.21872487,58.47274608,63.92448425,68.15474684,65.56370359,63.37198146,66.30079557,76.66554501,87.84761059,91.90562067,93.81681192,81.48515564,70.09545951,,,,,
Turks and Caicos Islands,TCA,Current health expenditure per capita (current US$),SH.XPD.CHEX.PC.CD,,,,,,,,,,,,,,,,,,,,,,,,,,,,,,,,,,,,,,,,,,,,,,,,,,,,,,,,,,
Chad,TCD,Current health expenditure per capita (current US$),SH.XPD.CHEX.PC.CD,,,,,,,,,,,,,,,,,,,,,,,,,,,,,,,,,,,,,,,,,10.2435743,11.81969785,18.16082718,18.23865336,28.29926497,32.07445588,34.75975595,34.96267017,37.88076904,35.86364862,36.48620983,38.72567404,34.92486746,47.42296057,46.88535547,35.56909713,,
East Asia & Pacific (IDA & IBRD countries),TEA,Current health expenditure per capita (current US$),SH.XPD.CHEX.PC.CD,,,,,,,,,,,,,,,,,,,,,,,,,,,,,,,,,,,,,,,,,38.05830699,40.0622759,45.23985455,51.59513099,57.84321206,66.4253147,77.65130243,95.04405983,124.9379969,145.3181997,170.1147424,212.4997426,246.1538778,274.5801398,300.7601223,332.4363832,,
Europe & Central Asia (IDA & IBRD countries),TEC,Current health expenditure per capita (current US$),SH.XPD.CHEX.PC.CD,,,,,,,,,,,,,,,,,,,,,,,,,,,,,,,,,,,,,,,,,105.7298113,114.6344815,134.9024762,163.9366956,205.2228138,256.2436475,308.2088961,392.0276499,492.9164114,426.119638,459.887804,509.3712085,536.0975941,575.9290608,542.6214019,429.7869236,,
Togo,TGO,Current health expenditure per capita (current US$),SH.XPD.CHEX.PC.CD,,,,,,,,,,,,,,,,,,,,,,,,,,,,,,,,,,,,,,,,,9.79685057,9.8336481,11.03650922,13.52112947,14.94344172,15.80698059,16.60835561,19.52474964,23.66442061,26.14805602,30.93862791,34.60344691,34.50712886,38.28368022,40.11070061,36.64787882,,
Thailand,THA,Current health expenditure per capita (current US$),SH.XPD.CHEX.PC.CD,,,,,,,,,,,,,,,,,,,,,,,,,,,,,,,,,,,,,,,,,62.25966324,57.29111541,69.89764851,76.50303842,83.49059954,91.43146539,104.4277468,126.8236565,151.4737932,152.4514534,172.0575299,195.938433,206.4403174,213.0030577,219.3661268,217.135232,,
Tajikistan,TJK,Current health expenditure per capita (current US$),SH.XPD.CHEX.PC.CD,,,,,,,,,,,,,,,,,,,,,,,,,,,,,,,,,,,,,,,,,5.96617805,7.32883542,8.02376633,11.11180175,14.82056111,17.56365139,20.20809688,28.75776124,41.74049407,39.51399966,43.11531558,49.72154278,57.35378733,65.9368249,74.30047894,62.96370158,,
Turkmenistan,TKM,Current health expenditure per capita (current US$),SH.XPD.CHEX.PC.CD,,,,,,,,,,,,,,,,,,,,,,,,,,,,,,,,,,,,,,,,,76.62702705,123.7084768,132.3034195,208.8676142,319.2585536,345.1430808,374.1834045,281.9350206,255.4769256,194.2539539,221.7985704,276.6516783,318.8073267,376.2238814,437.7528197,405.1263452,,
Latin America & the Caribbean (IDA & IBRD countries),TLA,Current health expenditure per capita (current US$),SH.XPD.CHEX.PC.CD,,,,,,,,,,,,,,,,,,,,,,,,,,,,,,,,,,,,,,,,,257.0898585,250.9306132,223.6523814,236.9588356,268.7859078,322.7592561,377.5496738,448.1238813,514.2054291,511.7717071,608.9497067,677.1545934,672.0839145,693.6062997,706.7443504,635.5940942,,
Timor-Leste,TLS,Current health expenditure per capita (current US$),SH.XPD.CHEX.PC.CD,,,,,,,,,,,,,,,,,,,,,,,,,,,,,,,,,,,,,,,,,,,12.61716342,14.49251706,18.84860509,23.76624283,25.98070895,28.62539614,41.86710447,48.6186099,51.39423986,63.05220574,70.14330285,78.59319923,77.74627849,71.65509997,,
Middle East & North Africa (IDA & IBRD countries),TMN,Current health expenditure per capita (current US$),SH.XPD.CHEX.PC.CD,,,,,,,,,,,,,,,,,,,,,,,,,,,,,,,,,,,,,,,,,79.56777903,84.47307213,85.67696528,83.57977277,95.99237314,107.3299166,120.416872,147.0605274,179.3528207,203.369615,223.6278737,253.3593014,262.2956224,250.2804336,249.3256048,229.4228132,,
Tonga,TON,Current health expenditure per capita (current US$),SH.XPD.CHEX.PC.CD,,,,,,,,,,,,,,,,,,,,,,,,,,,,,,,,,,,,,,,,,79.881285,71.14866284,78.32380037,83.1335991,110.4952684,120.2934287,159.3274977,162.0317104,203.5049447,143.5105555,177.7108903,194.8170474,221.7187836,207.3702644,215.9649833,221.3702755,,
South Asia (IDA & IBRD),TSA,Current health expenditure per capita (current US$),SH.XPD.CHEX.PC.CD,,,,,,,,,,,,,,,,,,,,,,,,,,,,,,,,,,,,,,,,,17.40699152,18.18868538,18.71904688,20.17884932,22.88319401,25.5084875,27.71320257,33.26454784,35.01279734,35.49648597,41.31670571,44.66448838,44.81953476,51.15736186,52.97016445,58.16543875,,
Sub-Saharan Africa (IDA & IBRD countries),TSS,Current health expenditure per capita (current US$),SH.XPD.CHEX.PC.CD,,,,,,,,,,,,,,,,,,,,,,,,,,,,,,,,,,,,,,,,,31.45173112,29.42115484,27.85426819,40.00157466,48.17298391,54.06871307,60.85034936,67.76118415,73.06432313,72.22283025,83.14004094,89.40048499,88.97084453,90.23166718,90.49760163,84.87791324,,
Trinidad and Tobago,TTO,Current health expenditure per capita (current US$),SH.XPD.CHEX.PC.CD,,,,,,,,,,,,,,,,,,,,,,,,,,,,,,,,,,,,,,,,,258.7067586,288.4638163,323.409983,410.4293904,470.1896703,603.8827422,594.0264214,729.4088043,861.2351291,864.4094794,801.075881,896.0511768,954.2760437,1038.054716,1076.0716,1146.23135,,
Tunisia,TUN,Current health expenditure per capita (current US$),SH.XPD.CHEX.PC.CD,,,,,,,,,,,,,,,,,,,,,,,,,,,,,,,,,,,,,,,,,111.7662124,114.9828757,126.0006586,150.9116631,169.7565851,172.4176254,181.4615284,205.1417538,233.4981293,234.1922474,243.6066389,273.8082509,273.3438353,287.922294,290.9744968,258.0288674,,
Turkey,TUR,Current health expenditure per capita (current US$),SH.XPD.CHEX.PC.CD,,,,,,,,,,,,,,,,,,,,,,,,,,,,,,,,,,,,,,,,,199.5049172,153.6245917,186.6979998,238.6985547,299.5767268,364.9073304,416.8847055,512.7345252,570.6809801,500.0716035,539.3288059,531.6596554,524.8178363,552.4054806,527.2028417,454.6082921,,
Tuvalu,TUV,Current health expenditure per capita (current US$),SH.XPD.CHEX.PC.CD,,,,,,,,,,,,,,,,,,,,,,,,,,,,,,,,,,,,,,,,,358.0429306,259.0397256,205.0717817,264.9758258,220.0217736,236.4980908,252.3763261,280.0907814,308.0575827,328.807454,440.4551539,506.8975461,488.476778,491.6754683,497.0708557,439.1770254,,
Tanzania,TZA,Current health expenditure per capita (current US$),SH.XPD.CHEX.PC.CD,,,,,,,,,,,,,,,,,,,,,,,,,,,,,,,,,,,,,,,,,12.61511222,14.93465691,16.75818314,20.06667179,23.05469815,27.23142174,34.99075777,35.4863559,35.31939274,32.51586392,36.10598419,38.38072318,40.5350498,39.75020804,38.21046213,31.73734859,,
Uganda,UGA,Current health expenditure per capita (current US$),SH.XPD.CHEX.PC.CD,,,,,,,,,,,,,,,,,,,,,,,,,,,,,,,,,,,,,,,,,18.83660532,20.31039677,22.0839401,21.80745581,29.30967583,35.77794644,40.1526274,47.14927909,51.34829778,48.46931386,62.66848192,53.6802174,53.27356031,49.63246481,52.90539519,46.05846472,,
Ukraine,UKR,Current health expenditure per capita (current US$),SH.XPD.CHEX.PC.CD,,,,,,,,,,,,,,,,,,,,,,,,,,,,,,,,,,,,,,,,,35.13172098,44.78530943,52.87698857,68.91821933,84.58527312,116.327714,148.3464917,185.8313861,215.6572562,168.201981,188.7364625,223.2762573,262.4714598,281.8773838,182.5944719,125.0465205,,
Upper middle income,UMC,Current health expenditure per capita (current US$),SH.XPD.CHEX.PC.CD,,,,,,,,,,,,,,,,,,,,,,,,,,,,,,,,,,,,,,,,,98.37702378,99.90833413,105.3243714,117.1631504,137.1396148,162.3297322,190.2322134,231.9051956,283.9075264,293.3456291,338.3535347,395.8491245,423.4782062,450.6822004,470.8053312,456.915953,,
Uruguay,URY,Current health expenditure per capita (current US$),SH.XPD.CHEX.PC.CD,,,,,,,,,,,,,,,,,,,,,,,,,,,,,,,,,,,,,,,,,623.9638386,607.4859786,401.0466782,365.0740912,378.7539596,450.776951,525.980555,556.6023528,719.7636789,797.7024573,1001.868297,1181.102829,1286.483211,1431.289388,1405.679489,1281.291902,,
United States,USA,Current health expenditure per capita (current US$),SH.XPD.CHEX.PC.CD,,,,,,,,,,,,,,,,,,,,,,,,,,,,,,,,,,,,,,,,,4561.913352,4912.705823,5330.043496,5738.91196,6101.49082,6453.095992,6820.599112,7176.615526,7420.067319,7696.47151,7949.89613,8160.844865,8432.506528,8634.631747,9059.521156,9535.945335,,
Uzbekistan,UZB,Current health expenditure per capita (current US$),SH.XPD.CHEX.PC.CD,,,,,,,,,,,,,,,,,,,,,,,,,,,,,,,,,,,,,,,,,29.26654595,24.3477025,20.54490518,21.2022147,24.22167464,28.78994423,35.26141101,40.01392911,51.17417703,61.05363655,74.33550885,86.69660659,103.1128884,112.0086575,122.6325324,133.94874,,
St. Vincent and the Grenadines,VCT,Current health expenditure per capita (current US$),SH.XPD.CHEX.PC.CD,,,,,,,,,,,,,,,,,,,,,,,,,,,,,,,,,,,,,,,,,140.5090575,147.5561819,170.415524,178.4933474,183.2089335,189.5417146,198.1781754,224.8059712,247.0203227,249.6744564,276.7410357,265.9347593,285.340969,288.6829821,282.8350085,284.0334526,,
"Venezuela, RB",VEN,Current health expenditure per capita (current US$),SH.XPD.CHEX.PC.CD,,,,,,,,,,,,,,,,,,,,,,,,,,,,,,,,,,,,,,,,,210.3096733,229.8454834,161.0683067,142.1470143,179.1998872,219.7519465,277.9122259,376.6736568,495.0576816,590.4493596,614.1119494,519.8610336,474.1944758,429.8716115,569.5004252,972.9514731,,
British Virgin Islands,VGB,Current health expenditure per capita (current US$),SH.XPD.CHEX.PC.CD,,,,,,,,,,,,,,,,,,,,,,,,,,,,,,,,,,,,,,,,,,,,,,,,,,,,,,,,,,
Virgin Islands (U.S.),VIR,Current health expenditure per capita (current US$),SH.XPD.CHEX.PC.CD,,,,,,,,,,,,,,,,,,,,,,,,,,,,,,,,,,,,,,,,,,,,,,,,,,,,,,,,,,
Vietnam,VNM,Current health expenditure per capita (current US$),SH.XPD.CHEX.PC.CD,,,,,,,,,,,,,,,,,,,,,,,,,,,,,,,,,,,,,,,,,18.36092409,22.60492111,19.04455327,21.67059099,27.96346299,34.04465387,41.17362924,48.15844216,57.38314183,62.61286009,76.71438475,87.31325051,111.5905283,119.2313105,116.360203,116.7361937,,
Vanuatu,VUT,Current health expenditure per capita (current US$),SH.XPD.CHEX.PC.CD,,,,,,,,,,,,,,,,,,,,,,,,,,,,,,,,,,,,,,,,,20.19148121,23.71614363,21.3133151,26.98676676,36.64992008,35.93024437,40.41022565,33.93940666,35.41131673,53.90010065,82.28583677,74.11712816,84.6041,172.502242,113.8490489,98.98614427,,
World,WLD,Current health expenditure per capita (current US$),SH.XPD.CHEX.PC.CD,,,,,,,,,,,,,,,,,,,,,,,,,,,,,,,,,,,,,,,,,472.8619263,486.3545017,517.1761229,581.9591032,640.3131236,680.6989993,720.6641314,789.3585833,856.1816697,867.7726211,907.3215403,980.7303289,989.2252597,1010.84036,1035.86387,1001.660404,,
Samoa,WSM,Current health expenditure per capita (current US$),SH.XPD.CHEX.PC.CD,,,,,,,,,,,,,,,,,,,,,,,,,,,,,,,,,,,,,,,,,73.07043349,68.81713799,84.63656558,85.67567993,108.9387976,126.175672,138.4928747,153.3132456,170.5805031,180.300095,192.5079333,226.6782464,208.7443151,257.4493401,259.1590618,222.8913959,,
Kosovo,XKX,Current health expenditure per capita (current US$),SH.XPD.CHEX.PC.CD,,,,,,,,,,,,,,,,,,,,,,,,,,,,,,,,,,,,,,,,,,,,,,,,,,,,,,,,,,
"Yemen, Rep.",YEM,Current health expenditure per capita (current US$),SH.XPD.CHEX.PC.CD,,,,,,,,,,,,,,,,,,,,,,,,,,,,,,,,,,,,,,,,,25.15491132,26.49779064,27.31301534,34.84279861,38.21946545,42.37379267,49.86103364,57.95329677,69.58012765,65.85453032,67.70624706,64.60557696,73.82605875,78.39015242,79.74615338,72.03946941,,
South Africa,ZAF,Current health expenditure per capita (current US$),SH.XPD.CHEX.PC.CD,,,,,,,,,,,,,,,,,,,,,,,,,,,,,,,,,,,,,,,,,221.7829863,195.1963266,169.0221926,254.3037257,322.7163948,354.0624151,362.4636421,385.9999925,372.3551131,413.0740827,539.5676148,597.3594478,579.748563,526.4995752,509.833261,470.7969933,,
Zambia,ZMB,Current health expenditure per capita (current US$),SH.XPD.CHEX.PC.CD,,,,,,,,,,,,,,,,,,,,,,,,,,,,,,,,,,,,,,,,,24.45399675,24.78648035,25.62234087,30.85681189,37.38458457,46.27190314,50.78122769,42.38058958,55.76964,49.02904194,67.36954123,79.30013119,81.61532371,89.88045063,87.09195162,69.36708094,,
Zimbabwe,ZWE,Current health expenditure per capita (current US$),SH.XPD.CHEX.PC.CD,,,,,,,,,,,,,,,,,,,,,,,,,,,,,,,,,,,,,,,,,,,,,,,,,,,77.63721647,71.14893849,69.98601317,68.78401188,81.85889165,94.29000594,,